year	number	party_name	report_date	report_url	verify_url
2020	1.	Всероссийская политическая партия «ЕДИНАЯ РОССИЯ»	 31.03.2021 	/politparty/finance/svodn_otchet_20/EDINAYA_ROSSIA.PDF	/politparty/finance/svodn_otchet_20/EDINAYA_ROSSIA.doc
2020	2.	Политическая партия 			«КОММУНИСТИЧЕСКАЯ ПАРТИЯ РОССИЙСКОЙ ФЕДЕРАЦИИ»	 29.03.2021 	/politparty/finance/svodn_otchet_20/KPRF.PDF	/politparty/finance/svodn_otchet_20/KPRF.docx
2020	3.	Политическая партия ЛДПР – Либерально-демократическая партия Россия	 30.03.2021 	/politparty/finance/svodn_otchet_20/LDPR.PDF	/politparty/finance/svodn_otchet_20/LDPR.docx
2020	4.	Политическая партия «ПАТРИОТЫ РОССИИ»	 01.04.2021 	/politparty/finance/svodn_otchet_20/PATRIOTY.PDF	/politparty/finance/svodn_otchet_20/PATRIOTY.docx
2020	5.	Политическая партия «Российская объединенная демократическая партия «ЯБЛОКО»	 30.03.2021 	/politparty/finance/svodn_otchet_20/YABLOKO.PDF	/politparty/finance/svodn_otchet_20/YABLOKO.doc
2020	6.	Политическая партия СПРАВЕДЛИВАЯ РОССИЯ	 30.03.2021 	/politparty/finance/svodn_otchet_20/SPRAVEDLIVAYA.PDF	/politparty/finance/svodn_otchet_20/SPRAVEDLIVAYA.doc
2020	7.	Всероссийская политическая партия «ПАРТИЯ РОСТА»	 25.03.2021 	/politparty/finance/svodn_otchet_20/PARTIA_ROSTA.PDF	/politparty/finance/svodn_otchet_20/PARTIA_ROSTA.docx
2020	8.	Политическая партия «Партия народной свободы» (ПАРНАС)	 08.02.2021 	/politparty/finance/svodn_otchet_20/PARNAS.PDF	/politparty/finance/svodn_otchet_20/PARNAS.docx
2020	9.	Политическая партия "Демократическая партия России"	 08.02.2021 	/politparty/finance/svodn_otchet_20/DEMOKR_PARITYA.PDF	/politparty/finance/svodn_otchet_20/DEMOKR_PARTIYA.doc
2020	10.	Политическая партия "ПАРТИЯ ПРОГРЕССА"	 08.02.2021 	/politparty/finance/svodn_otchet_20/PROGRESSA.PDF	/politparty/finance/svodn_otchet_20/PROGRESSA.doc
2020	11.	Политическая партия РОССИЙСКАЯ ПАРТИЯ СВОБОДЫ И СПРАВЕДЛИВОСТИ (Прежнее наименование: Политическая партия КОММУНИСТИЧЕСКАЯ ПАРТИЯ СОЦИАЛЬНОЙ СПРАВЕДЛИВОСТИ)	 11.02.2021 	/politparty/finance/svodn_otchet_20/KPSS.PDF	/politparty/finance/svodn_otchet_20/KPSS.doc
2020	12.	Политическая партия «Российская экологическая партия «Зелёные»	 29.03.2021 	/politparty/finance/svodn_otchet_20/ZELENIYE.PDF	/politparty/finance/svodn_otchet_20/ZELENIYE.docx
2020	13.	Политическая партия КОММУНИСТИЧЕСКАЯ ПАРТИЯ КОММУНИСТЫ РОССИИ	 23.03.2021 	/politparty/finance/svodn_otchet_20/KOMMUNISTY_ROSSII.PDF	/politparty/finance/svodn_otchet_20/KOMMUNISTY_ROSSII.docx
2020	14.	ОБЩЕСТВЕННАЯ ОРГАНИЗАЦИЯ – ПОЛИТИЧЕСКАЯ ПАРТИЯ «РОССИЙСКИЙ ОБЩЕНАРОДНЫЙ СОЮЗ»	 30.03.2021 	/politparty/finance/svodn_otchet_20/ROS.PDF	/politparty/finance/svodn_otchet_20/ROS.docx
2020	15.	Всероссийская политическая партия ПАРТИЯ ЗА СПРАВЕДЛИВОСТЬ!	 22.01.2021 	/politparty/finance/svodn_otchet_20/ZA_SPRAVED.PDF	/politparty/finance/svodn_otchet_20/ZA_SPRAVED.doc
2020	16.	Политическая партия СОЦИАЛЬНОЙ ЗАЩИТЫ	 24.02.2021 	/politparty/finance/svodn_otchet_20/SOC_ZASCHITY.PDF	/politparty/finance/svodn_otchet_20/SOC_ZASCHITY.doc
2020	17.	Общественная организация Всероссийская политическая партия «Гражданская Сила»	 29.01.2021 	/politparty/finance/svodn_otchet_20/GRAZНD_SILA.PDF	/politparty/finance/svodn_otchet_20/GRAZHD_SILA.doc
2020	18.	Политическая партия «Российская партия пенсионеров за социальную справедливость»	 30.03.2021 	/politparty/finance/svodn_otchet_20/PENS_ZA_SPR.PDF	/politparty/finance/svodn_otchet_20/PENS_ZA_SPR.docx
2020	19.	Политическая партия «Гражданская Платформа»	 01.04.2021 	/politparty/finance/svodn_otchet_20/GRAZHD_PLATFORМA.PDF	/politparty/finance/svodn_otchet_20/GRAZHD_PLATFORMA.doc
2020	20.	Всероссийская политическая партия «ПАРТИЯ ДЕЛА»	 25.03.2021 	/politparty/finance/svodn_otchet_20/DELA.PDF	/politparty/finance/svodn_otchet_20/DELA.docx
2020	21.	ВСЕРОССИЙСКАЯ ПОЛИТИЧЕСКАЯ ПАРТИЯ «РОДИНА»	 29.03.2021 	/politparty/finance/svodn_otchet_20/RODINA.PDF	/politparty/finance/svodn_otchet_20/RODINA.doc
2020	22.	Политическая партия «Казачья партия Российской Федерации»	 23.03.2021 	/politparty/finance/svodn_otchet_20/KAZACHYA.PDF	/politparty/finance/svodn_otchet_20/KAZACHYA.docx
2020	23.	Всероссийская политическая партия «Гражданская инициатива»	 20.01.2021 	/politparty/finance/svodn_otchet_20/GRAZD_INIC.PDF	/politparty/finance/svodn_otchet_20/GRAZD_INIC.docx
2020	24.	Политическая партия «Партия Возрождения России»	 01.04.2021 	/politparty/finance/svodn_otchet_20/VOZROZHDENIA_ROSSII.pdf	/politparty/finance/svodn_otchet_20/VOZROZHDENIA_ROSSII.doc
2020	25.	Политическая партия «Партия Социальных Реформ - Прибыль от природных ресурсов - Народу»	 31.03.2021 	/politparty/finance/svodn_otchet_20/SOC_REFORМ.PDF	/politparty/finance/svodn_otchet_20/SOC_REFORM.doc
2020	26.	Политическая партия «Альтернатива для России (Партия Социалистического выбора)»	 31.03.2021 	/politparty/finance/svodn_otchet_20/ALTER_D_ROS.PDF	/politparty/finance/svodn_otchet_20/ALTER_D_ROS.docx
2020	27.	Политическая партия «Партия Малого Бизнеса России»	 25.03.2021 	/politparty/finance/svodn_otchet_20/MAL_BIZ.PDF	/politparty/finance/svodn_otchet_20/MAL_BIZ.docx
2020	28.	Политическая партия «Народно-патриотическая партия России – Власть Народу»	 25.02.2021 	/politparty/finance/svodn_otchet_20/VLAST_NARODU.PDF	/politparty/finance/svodn_otchet_20/VLAST_NARODU.docx
2020	29.	Политическая партия «НОВЫЕ ЛЮДИ»	 31.03.2021 	/politparty/finance/svodn_otchet_20/NOVIE_LYUDI.PDF	/politparty/finance/svodn_otchet_20/NOVIE_LYUDI.docx
2020	30.	Политическая партия «ЗА ПРАВДУ»	 24.03.2021 	/politparty/finance/svodn_otchet_20/ZA_PRAVDU.PDF	/politparty/finance/svodn_otchet_20/ZA_PRAVDU.docx
2020	31.	Политическая партия ЗЕЛЕНАЯ АЛЬТЕРНАТИВА	 11.02.2021 	/politparty/finance/svodn_otchet_20/ZELEN_ALTER.PDF	/politparty/finance/svodn_otchet_20/ZELEN_ALTER.doc
2020	32.	Политическая партия «Партия прямой демократии»	 11.02.2021 	/politparty/finance/svodn_otchet_20/PRYAMOI_DEM.PDF	/politparty/finance/svodn_otchet_20/PRYAMOI_DEM.doc
2019	1	Всероссийская политическая партия «ЕДИНАЯ РОССИЯ»	 27.03.2020 	/politparty/finance/svodn_otchet_19/EDINAYA_ROSSIA.PDF	/politparty/finance/svodn_otchet_19/EDINAYA_ROSSIA.doc
2019	2	Политическая партия «КОММУНИСТИЧЕСКАЯ ПАРТИЯ РОССИЙСКОЙ ФЕДЕРАЦИИ»	 26.03.2020 	/politparty/finance/svodn_otchet_19/KPRF.PDF	/politparty/finance/svodn_otchet_19/KPRF.docx
2019	3	Политическая партия ЛДПР – Либерально-демократическая партия России	 27.03.2020 	/politparty/finance/svodn_otchet_19/LDPR.PDF	/politparty/finance/svodn_otchet_19/LDPR.docx
2019	4	Политическая партия «ПАТРИОТЫ РОССИИ»	 27.03.2020 	/politparty/finance/svodn_otchet_19/PATRIOTY.PDF	/politparty/finance/svodn_otchet_19/PATRIOTY.doc
2019	5	Политическая партия «Российская объединенная демократическая партия «ЯБЛОКО»	 20.03.2020 	/politparty/finance/svodn_otchet_19/YABLOKO.PDF	/politparty/finance/svodn_otchet_19/YABLOKO.doc
2019	6	Политическая партия СПРАВЕДЛИВАЯ РОССИЯ	 30.03.2020 	/politparty/finance/svodn_otchet_19/SPRAVEDLIVAYA.PDF	/politparty/finance/svodn_otchet_19/SPRAVEDLIVAYA.doc
2019	7	Всероссийская политическая партия «ПАРТИЯ РОСТА»	 27.03.2020 	/politparty/finance/svodn_otchet_19/PARTIY ROSTA.PDF	/politparty/finance/svodn_otchet_19/PARTIY ROSTA.doc
2019	8	Политическая партия «Партия народной свободы» (ПАРНАС)	 21.02.2020 	/politparty/finance/svodn_otchet_19/PARNAS.PDF	/politparty/finance/svodn_otchet_19/PARNAS.docx
2019	9	Политическая партия «Демократическая партия России»	 26.03.2020 	/politparty/finance/svodn_otchet_19/DEMOKR.PARTIYA.PDF	/politparty/finance/svodn_otchet_19/DEMOKR.PARTIYA.doc
2019	10	Политическая партия «ПАРТИЯ ПРОГРЕССА»	 26.03.2020 	/politparty/finance/svodn_otchet_19/PROGRESSA.PDF	/politparty/finance/svodn_otchet_19/PROGRESSA.doc
2019	11	Политическая партия «Коммунистическая партия социальной справедливости»	 30.03.2020 	/politparty/finance/svodn_otchet_19/KPSS.PDF	/politparty/finance/svodn_otchet_19/KPSS.doc
2019	12	Политическая партия «РОССИЯ БУДУЩЕГО»	 24.03.2020 	/politparty/finance/svodn_otchet_19/ROSSIA_BUDUSHEGO.PDF	/politparty/finance/svodn_otchet_19/ROSSIA_BUDUSHEGO.doc
2019	13	Политическая партия «Российская экологическая партия «Зелёные»	 11.03.2020 	/politparty/finance/svodn_otchet_19/ZELENIYE.PDF	/politparty/finance/svodn_otchet_19/ZELENIYE.docx
2019	14	Политическая партия КОММУНИСТИЧЕСКАЯ ПАРТИЯ КОММУНИСТЫ РОССИИ	 30.03.2020 	/politparty/finance/svodn_otchet_19/KOMMUNISTY_ROSSII.PDF	/politparty/finance/svodn_otchet_19/KOMMUNISTY_ROSSII.doc
2019	15	Общественная организация ─ политическая партия «РОССИЙСКИЙ ОБЩЕНАРОДНЫЙ СОЮЗ»	 02.04.2020 	/politparty/finance/svodn_otchet_19/ROS.PDF	/politparty/finance/svodn_otchet_19/ROS.doc
2019	16	Всероссийская политическая партия ПАРТИЯ ЗА СПРАВЕДЛИВОСТЬ!	 13.01.2020 	/politparty/finance/svodn_otchet_19/ZA_SPRAVEDLIVOST.PDF	/politparty/finance/svodn_otchet_19/ZA_SPRAVEDLIVOST.doc
2019	17	Политическая партия СОЦИАЛЬНОЙ ЗАЩИТЫ	 04.03.2020 	/politparty/finance/svodn_otchet_19/SOCIALNOY_ZASCHITY.PDF	/politparty/finance/svodn_otchet_19/SOCIALNOY_ZASCHITY.doc
2019	18	Общественная организация Всероссийская политическая партия «Гражданская Сила»	 29.01.2020 	/politparty/finance/svodn_otchet_19/GRAZHD_SILA.PDF	/politparty/finance/svodn_otchet_19/GRAZHD_SILA.doc
2019	19	Политическая партия «Российская партия пенсионеров за социальную справедливость»	 12.05.2020 	/politparty/finance/svodn_otchet_19/PENSIONERI ZA SPRAVED.PDF	/politparty/finance/svodn_otchet_19/PENSIONERI ZA SPRAVED.docx
2019	20	Политическая партия «Гражданская Платформа»	 30.03.2020 	/politparty/finance/svodn_otchet_19/GRAZHD_PLATFORMA.PDF	/politparty/finance/svodn_otchet_19/GRAZHD_PLATFORMA.doc
2019	21	Политическая партия «Российская Социалистическая партия»	 03.02.2020 	/politparty/finance/svodn_otchet_19/RSP.PDF	/politparty/finance/svodn_otchet_19/RSP.doc
2019	22	Политическая партия «Российский Объединённый Трудовой Фронт»	 28.03.2020 	/politparty/finance/svodn_otchet_19/ROT_FRONT.PDF	/politparty/finance/svodn_otchet_19/ROT_FRONT.doc
2019	23	Всероссийская политическая партия «ПАРТИЯ ДЕЛА»	 16.03.2020 	/politparty/finance/svodn_otchet_19/DELA.PDF	/politparty/finance/svodn_otchet_19/DELA.docx
2019	24	ВСЕРОССИЙСКАЯ ПОЛИТИЧЕСКАЯ ПАРТИЯ «РОДИНА»	 24.03.2020 	/politparty/finance/svodn_otchet_19/RODINA.PDF	/politparty/finance/svodn_otchet_19/RODINA.doc
2019	25	Политическая партия «Казачья партия Российской Федерации»	 12.03.2020 	/politparty/finance/svodn_otchet_19/KAZACHYA.PDF	/politparty/finance/svodn_otchet_19/KAZACHYA.docx
2019	26	Политическая партия «Демократическая правовая Россия»	 27.01.2020 	/politparty/finance/svodn_otchet_19/DEM_PRAVOVAYA.PDF	/politparty/finance/svodn_otchet_19/DEM_PRAVOVAYA.doc
2019	27	Всероссийская политическая партия «Российская партия садоводов»	 19.03.2020 	/politparty/finance/svodn_otchet_19/SADOVODOV.PDF	/politparty/finance/svodn_otchet_19/SADOVODOV.doc
2019	28	Всероссийская политическая партия «Гражданская инициатива»	 31.03.2020 	/politparty/finance/svodn_otchet_19/GRAZD_INICIATIVA.PDF	/politparty/finance/svodn_otchet_19/GRAZD_INICIATIVA.docx
2019	29	Политическая партия «Партия Возрождения России»	 30.03.2020 	/politparty/finance/svodn_otchet_19/VOZROZHDENIA_ROSSII.PDF	/politparty/finance/svodn_otchet_19/VOZROZHDENIA_ROSSII.doc
2019	30	Политическая партия «Национальный курс»	 05.02.2020 	/politparty/finance/svodn_otchet_19/KURS.PDF	/politparty/finance/svodn_otchet_19/KURS.doc
2019	31	Общероссийская политическая партия «НАРОД ПРОТИВ КОРРУПЦИИ»	 16.06.2020 	/politparty/finance/svodn_otchet_19/PROTIV_KORRUPCII.PDF	/politparty/finance/svodn_otchet_19/PROTIV_KORRUPTSII_NEW.doc
2019	32	Политическая партия «РОДНАЯ ПАРТИЯ»	 30.03.2020 	/politparty/finance/svodn_otchet_19/RODNAYA.PDF	/politparty/finance/svodn_otchet_19/RODNAYA.doc
2019	33	Всероссийская политическая партия «Интернациональная партия России»	 28.01.2020 	/politparty/finance/svodn_otchet_19/INTERNACIONAL.PDF	/politparty/finance/svodn_otchet_19/INTERNACIONAL.doc
2019	34	Политическая партия «ПАРТИЯ СОЦИАЛЬНЫХ РЕФОРМ - Прибыль от природных ресурсов - Народу»	 30.03.2020 	/politparty/finance/svodn_otchet_19/SOCIALNYH_REFORM.PDF	/politparty/finance/svodn_otchet_19/SOCIALNYH_REFORM.doc
2019	35	Политическая партия «Объединенная партия людей ограниченной трудоспособности России»	 19.03.2020 	/politparty/finance/svodn_otchet_19/OPLOT.PDF	/politparty/finance/svodn_otchet_19/OPLOT.doc
2019	36	Общественная организация - Политическая партия «Добрых дел, защиты детей, женщин, свободы, природы и пенсионеров»	 03.02.2020 	/politparty/finance/svodn_otchet_19/DOBRIH_DEL.PDF	/politparty/finance/svodn_otchet_19/DOBRIH_DEL.doc
2019	37	Общественная организация Политическая партия «Возрождение аграрной России»	 02.11.2020  	/politparty/finance/svodn_otchet_19/VOZROJDENIYE AGRARNOY ROSSII.PDF	/politparty/finance/svodn_otchet_19/VOZROJDENIYE AGRARNOY ROSSII.docx
2019	38	Политическая партия «Альтернатива для России (Партия Социалистического выбора)»	 27.03.2020 	/politparty/finance/svodn_otchet_19/ALTERNATIVA DLYA ROSSII.PDF	/politparty/finance/svodn_otchet_19/ALTERNATIVA DLYA ROSSII.docx
2019	39	Общественная организация - Политическая партия «ПАРТИЯ РОДИТЕЛЕЙ БУДУЩЕГО»	 15.04.2020 	/politparty/finance/svodn_otchet_19/RODITELEY.PDF	/politparty/finance/svodn_otchet_19/RODITELEY.doc
2019	40	Политическая партия «Партия Малого Бизнеса России»	 19.03.2020 	/politparty/finance/svodn_otchet_19/MALOGO BIZNESA.PDF	/politparty/finance/svodn_otchet_19/MALOGO BIZNESA.doc
2019	41	Политическая партия «Народно-патриотическая партия России – Власть Народу»	 19.03.2020 	/politparty/finance/svodn_otchet_19/VLAST_NARODU.PDF	/politparty/finance/svodn_otchet_19/VLAST_NARODU.doc
2018	1	Всероссийская политическая партия «ЕДИНАЯ РОССИЯ»	 28.03.2019 	/politparty/finance/svodn_otchet_18/EDINAYA_ROSSIA.PDF	/politparty/finance/svodn_otchet_18/EDINAYA_ROSSIA.doc
2018	2	Политическая партия «КОММУНИСТИЧЕСКАЯ ПАРТИЯ РОССИЙСКОЙ ФЕДЕРАЦИИ»	 28.03.2019 	/politparty/finance/svodn_otchet_18/KPRF.PDF	/politparty/finance/svodn_otchet_18/KPRF.doc
2018	3	Политическая партия ЛДПР – Либерально-демократическая партия России	 29.03.2019 	/politparty/finance/svodn_otchet_18/LDPR.PDF	/politparty/finance/svodn_otchet_18/LDPR.docx
2018	4	Политическая партия «ПАТРИОТЫ РОССИИ»	 29.03.2019 	/politparty/finance/svodn_otchet_18/PATRIOTY.PDF	/politparty/finance/svodn_otchet_18/PATRIOTY.doc
2018	5	Политическая партия «Российская объединенная демократическая партия «ЯБЛОКО»	 29.03.2019 	/politparty/finance/svodn_otchet_18/YABLOKO.PDF	/politparty/finance/svodn_otchet_18/YABLOKO.doc
2018	6	Политическая партия СПРАВЕДЛИВАЯ РОССИЯ	 29.03.2019 	/politparty/finance/svodn_otchet_18/SPRAVEDLIVAYA.PDF	/politparty/finance/svodn_otchet_18/SPRAVEDLIVAYA.doc
2018	7	Всероссийская политическая партия «ПАРТИЯ РОСТА»	 01.04.2019 	/politparty/finance/svodn_otchet_18/PARTIY ROSTA.PDF	/politparty/finance/svodn_otchet_18/PARTIY ROSTA.doc
2018	8	Политическая партия «Партия народной свободы» (ПАРНАС)	 01.03.2019 	/politparty/finance/svodn_otchet_18/PARNAS.PDF	/politparty/finance/svodn_otchet_18/PARNAS.docx
2018	9	Политическая партия «Демократическая партия России»	 26.03.2019 	/politparty/finance/svodn_otchet_18/DEMOKR.PARTIYA.PDF	/politparty/finance/svodn_otchet_18/DEMOKR.PARTIYA.doc
2018	10	Общероссийская политическая партия «Народная партия «За женщин России»	 28.03.2019 	/politparty/finance/svodn_otchet_18/ZA_ZHENSCHIN.PDF	/politparty/finance/svodn_otchet_18/ZA_ZHENSCHIN.doc
2018	11	ПОЛИТИЧЕСКАЯ ПАРТИЯ «АЛЬЯНС ЗЕЛЕНЫХ»	 не представлен 		
2018	12	Политическая партия «Союз Горожан»	 26.03.2019 	/politparty/finance/svodn_otchet_18/SOYUZ GOROJAN.PDF	/politparty/finance/svodn_otchet_18/SOYUZ GOROJAN.doc
2018	13	Всероссийская политическая партия «Народная партия России»	 26.03.2019 	/politparty/finance/svodn_otchet_18/NARODNAYA_PARTIYA.PDF	/politparty/finance/svodn_otchet_18/NARODNAYA_PARTIYA.doc
2018	14	Политическая партия «ПАРТИЯ ПРОГРЕССА»	 26.03.2019 	/politparty/finance/svodn_otchet_18/PROGRESSA.PDF	/politparty/finance/svodn_otchet_18/PROGRESSA.doc
2018	15	Всероссийская политическая партия «Социал-демократическая партия России»	 26.03.2019 	/politparty/finance/svodn_otchet_18/SOCIAL-DEMOKR.PDF	/politparty/finance/svodn_otchet_18/SOCIAL-DEMOKR.docx
2018	16	Политическая партия «Коммунистическая партия социальной справедливости»	 26.03.2019 	/politparty/finance/svodn_otchet_18/KPSS.PDF	/politparty/finance/svodn_otchet_18/KPSS.doc
2018	17	Всероссийская политическая партия «Партия пенсионеров России»	 28.03.2019 	/politparty/finance/svodn_otchet_18/PENSIONEROV ROSSII.PDF	/politparty/finance/svodn_otchet_18/PENSIONEROV ROSSII.doc
2018	18	Политическая партия «Города России»	 28.03.2019 	/politparty/finance/svodn_otchet_18/GORODA_ROSSII.PDF	/politparty/finance/svodn_otchet_18/GORODA_ROSSII.doc
2018	19	Всероссийская политическая партия «Партия свободных граждан»	 28.03.2019 	/politparty/finance/svodn_otchet_18/SVOBODNYH_GRAZDAN.PDF	/politparty/finance/svodn_otchet_18/SVOBODNYH_GRAZDAN.doc
2018	20	Политическая партия «Российская экологическая партия «Зелёные»	 06.03.2019 	/politparty/finance/svodn_otchet_18/ZELENIYE.PDF	/politparty/finance/svodn_otchet_18/ZELENIYE.docx
2018	21	Политическая партия КОММУНИСТИЧЕСКАЯ ПАРТИЯ КОММУНИСТЫ РОССИИ	 18.03.2019 	/politparty/finance/svodn_otchet_18/KOMMUNISTY_ROSSII.PDF	/politparty/finance/svodn_otchet_18/KOMMUNISTY_ROSSII.doc
2018	22	Всероссийская политическая партия «Аграрная партия России»	 26.03.2019 	/politparty/finance/svodn_otchet_18/APR.PDF	/politparty/finance/svodn_otchet_18/APR.docx
2018	23	Общественная организация ─ политическая партия «РОССИЙСКИЙ ОБЩЕНАРОДНЫЙ СОЮЗ»	 28.03.2019 	/politparty/finance/svodn_otchet_18/ROS.PDF	/politparty/finance/svodn_otchet_18/ROS.doc
2018	24	Всероссийская политическая партия ПАРТИЯ ЗА СПРАВЕДЛИВОСТЬ!	 22.03.2019 	/politparty/finance/svodn_otchet_18/ZA_SPRAVEDLIVOST.PDF	/politparty/finance/svodn_otchet_18/ZA_SPRAVEDLIVOST.doc
2018	25	Политическая партия СОЦИАЛЬНОЙ ЗАЩИТЫ	 07.03.2019 	/politparty/finance/svodn_otchet_18/SOCIALNOY_ZASCHITY.PDF	/politparty/finance/svodn_otchet_18/SOCIALNOY_ZASCHITY.doc
2018	26	Общественная организация Всероссийская политическая партия «Гражданская Сила»	 27.03.2019 	/politparty/finance/svodn_otchet_18/GRAZHD_SILA.PDF	/politparty/finance/svodn_otchet_18/GRAZHD_SILA.doc
2018	27	Политическая партия «Российская партия пенсионеров за социальную справедливость»	 26.03.2019 	/politparty/finance/svodn_otchet_18/PENSIONERI ZA SPRAVED.PDF	/politparty/finance/svodn_otchet_18/PENSIONERI ZA SPRAVED.docx
2018	28	Всероссийская политическая партия «НАРОДНЫЙ АЛЬЯНС»	 26.03.2019 	/politparty/finance/svodn_otchet_18/NARODNIY ALIANS.PDF	/politparty/finance/svodn_otchet_18/NARODNIY ALIANS.doc
2018	29	Политическая партия «Монархическая партия»	 22.01.2019 	/politparty/finance/svodn_otchet_18/MONARHICHESKAYA.PDF	/politparty/finance/svodn_otchet_18/MONARHICHESKAYA.doc
2018	30	Политическая партия «Гражданская Платформа»	 01.04.2019 	/politparty/finance/svodn_otchet_18/GRAZHD_PLATFORMA.PDF	/politparty/finance/svodn_otchet_18/GRAZHD_PLATFORMA.doc
2018	31	Всероссийская политическая партия «ЧЕСТНО» /Человек. Справедливость. Ответственность/»	 29.03.2019 	/politparty/finance/svodn_otchet_18/CHESTNO.PDF	/politparty/finance/svodn_otchet_18/CHESTNO.doc
2018	32	Политическая партия «Трудовая партия России»	 25.03.2019 	/politparty/finance/svodn_otchet_18/TRUDOVAYA.PDF	/politparty/finance/svodn_otchet_18/TRUDOVAYA.doc
2018	33	Политическая партия «Против всех»	 29.01.2019 	/politparty/finance/svodn_otchet_18/PROTIV_VSEH.PDF	/politparty/finance/svodn_otchet_18/PROTIV_VSEH.doc
2018	34	Политическая партия «Российская Социалистическая партия»	 28.03.2019 	/politparty/finance/svodn_otchet_18/RSP.PDF	/politparty/finance/svodn_otchet_18/RSP.doc
2018	35	Политическая партия «ПАРТИЯ ВЕТЕРАНОВ РОССИИ»	 28.03.2019 	/politparty/finance/svodn_otchet_18/VETERANOV_ROSSII.PDF	/politparty/finance/svodn_otchet_18/VETERANOV_ROSSII.doc
2018	36	Политическая партия «Российский Объединённый Трудовой Фронт»	 27.03.2019 	/politparty/finance/svodn_otchet_18/ROT_FRONT.PDF	/politparty/finance/svodn_otchet_18/ROT_FRONT.doc
2018	37	Всероссийская политическая партия «ПАРТИЯ ДЕЛА»	 26.03.2019 	/politparty/finance/svodn_otchet_18/DELA.PDF	/politparty/finance/svodn_otchet_18/DELA.docx
2018	38	Всероссийская политическая партия «РОДИНА»	 28.03.2019 	/politparty/finance/svodn_otchet_18/RODINA.PDF	/politparty/finance/svodn_otchet_18/RODINA.doc
2018	39	Всероссийская политическая партия «Союз Труда»	 22.03.2019 	/politparty/finance/svodn_otchet_18/SOUZ_TRUDA.PDF	/politparty/finance/svodn_otchet_18/SOUZ_TRUDA.doc
2018	40	Всероссийская политическая партия «Женский Диалог»	 29.03.2019 	/politparty/finance/svodn_otchet_18/JENSKIY_DIALOG.PDF	/politparty/finance/svodn_otchet_18/JENSKIY_DIALOG.docx
2018	41	Всероссийская политическая партия «Партия Возрождения Села»	 01.04.2019 	/politparty/finance/svodn_otchet_18/V_SELA.PDF	/politparty/finance/svodn_otchet_18/V_SELA.doc
2018	42	Общественная организация ─ Всероссийская политическая партия «ЗАЩИТНИКИ ОТЕЧЕСТВА»	 30.03.2019 	/politparty/finance/svodn_otchet_18/ZASCHITNIKI_OTECHESTVA.PDF	/politparty/finance/svodn_otchet_18/ZASCHITNIKI_OTECHESTVA.doc
2018	43	Политическая партия «Казачья партия Российской Федерации»	 27.03.2019 	/politparty/finance/svodn_otchet_18/KAZACHYA.PDF	/politparty/finance/svodn_otchet_18/KAZACHYA.docx
2018	44	Общероссийская политическая партия «РАЗВИТИЕ РОССИИ»	 21.03.2019 	/politparty/finance/svodn_otchet_18/RAZVITIE_ROSSII.PDF	/politparty/finance/svodn_otchet_18/RAZVITIE_ROSSII.doc
2018	45	Политическая партия «Демократическая правовая Россия»	 21.01.2019 	/politparty/finance/svodn_otchet_18/DEM_PRAVOVAYA.PDF	/politparty/finance/svodn_otchet_18/DEM_PRAVOVAYA.doc
2018	46	Всероссийская политическая партия «Партия Великое Отечество»	 01.04.2019 	/politparty/finance/svodn_otchet_18/VELIKOE_OTECHESTVO.PDF	/politparty/finance/svodn_otchet_18/VELIKOE_OTECHESTVO.doc
2018	47	Всероссийская политическая партия «Российская партия садоводов»	 05.02.2019 	/politparty/finance/svodn_otchet_18/SADOVODOV.PDF	/politparty/finance/svodn_otchet_18/SADOVODOV.doc
2018	48	Всероссийская политическая партия «Гражданская инициатива»	 11.03.2019 	/politparty/finance/svodn_otchet_18/GRAZD_INICIATIVA.PDF	/politparty/finance/svodn_otchet_18/GRAZD_INICIATIVA.docx
2018	49	Политическая партия «Партия Возрождения России»	 01.04.2019 	/politparty/finance/svodn_otchet_18/VOZROZHDENIE_ROSSII.PDF	/politparty/finance/svodn_otchet_18/VOZROZHDENIE_ROSSII.doc
2018	50	Политическая партия «Национальный курс»	 26.03.2019 	/politparty/finance/svodn_otchet_18/KURS.PDF	/politparty/finance/svodn_otchet_18/KURS.doc
2018	51	Общероссийская политическая партия «НАРОД ПРОТИВ КОРРУПЦИИ»	 26.03.2019 	/politparty/finance/svodn_otchet_18/PROTIV_KORRUPCII.PDF	/politparty/finance/svodn_otchet_18/PROTIV_KORRUPCII.doc
2018	52	Политическая партия «Родная партия»	 26.03.2019 	/politparty/finance/svodn_otchet_18/RODNAYA.PDF	/politparty/finance/svodn_otchet_18/RODNAYA.doc
2018	53	Всероссийская политическая партия «Интернациональная партия России»	 21.03.2019 	/politparty/finance/svodn_otchet_18/INTERNACIONAL.PDF	/politparty/finance/svodn_otchet_18/INTERNACIONAL.doc
2018	54	Политическая партия «ПАРТИЯ СОЦИАЛЬНЫХ РЕФОРМ - Прибыль от природных ресурсов - Народу»	 01.04.2019 	/politparty/finance/svodn_otchet_18/SOCIALNYH_REFORM.PDF	/politparty/finance/svodn_otchet_18/SOCIALNYH_REFORM.doc
2018	55	Политическая партия «Объединенная партия людей ограниченной трудоспособности России»	 27.03.2019 	/politparty/finance/svodn_otchet_18/OPLOT.PDF	/politparty/finance/svodn_otchet_18/OPLOT.doc
2018	56	Общественная организация - Политическая партия «Добрых дел, защиты детей, женщин, свободы, природы и пенсионеров»	 25.03.2019 	/politparty/finance/svodn_otchet_18/DOBRIH_DEL.PDF	/politparty/finance/svodn_otchet_18/DOBRIH_DEL.doc
2018	57	Общественная организация - Политическая партия «Возрождение аграрной России»	 14.02.2019 	/politparty/finance/svodn_otchet_18/VOZR. AGRAR. ROSSII.PDF	/politparty/finance/svodn_otchet_18/VOZR. AGRAR. ROSSII.docx
2018	58	Политическая партия «Альтернатива для России (Партия Социалистического выбора)»	 01.04.2019 	/politparty/finance/svodn_otchet_18/ALTERNATIVA DLYA ROSSII.PDF	/politparty/finance/svodn_otchet_18/ALTERNATIVA DLYA ROSSII.docx
2018	59	Общественная организация - Политическая партия «ПАРТИЯ РОДИТЕЛЕЙ БУДУЩЕГО»	 18.04.2019 	/politparty/finance/svodn_otchet_18/RODITELEY.PDF	/politparty/finance/svodn_otchet_18/RODITELEY.doc
2018	60	Политическая партия «Партия Малого Бизнеса России»	 29.03.2019 	/politparty/finance/svodn_otchet_18/MALOGO BIZNESA.PDF	/politparty/finance/svodn_otchet_18/MALOGO BIZNESA.doc
2018	61	Политическая партия «Народно-патриотическая партия России – Власть Народу»	 21.03.2019 	/politparty/finance/svodn_otchet_18/VLAST_NARODU.PDF	/politparty/finance/svodn_otchet_18/VLAST_NARODU.doc
2017	1	Всероссийская политическая партия «ЕДИНАЯ РОССИЯ»	 02.04.2018 	/politparty/finance/svodn_otchet_17/edinaya_rossia.pdf	/politparty/finance/svodn_otchet_17/edinaya_rossia.doc
2017	2	Политическая партия «КОММУНИСТИЧЕСКАЯ ПАРТИЯ РОССИЙСКОЙ ФЕДЕРАЦИИ»	 29.03.2018 	/politparty/finance/svodn_otchet_17/kprf.pdf	/politparty/finance/svodn_otchet_17/kprf.doc
2017	3	Политическая партия ЛДПР – Либерально-демократическая партия России	 30.03.2018 	/politparty/finance/svodn_otchet_17/ldpr.pdf	/politparty/finance/svodn_otchet_17/ldpr.doc
2017	4	Политическая партия «ПАТРИОТЫ РОССИИ»	 30.03.2018 	/politparty/finance/svodn_otchet_17/patrioty.pdf	/politparty/finance/svodn_otchet_17/patrioty.doc
2017	5	Политическая партия «Российская объединенная демократическая партия «ЯБЛОКО»	 28.03.2018 	/politparty/finance/svodn_otchet_17/yabloko.pdf	/politparty/finance/svodn_otchet_17/yabloko.doc
2017	6	Политическая партия СПРАВЕДЛИВАЯ РОССИЯ	 28.03.2018 	/politparty/finance/svodn_otchet_17/spravedlivaya.pdf	/politparty/finance/svodn_otchet_17/spravedlivaya.doc
2017	7	Всероссийская политическая партия «ПАРТИЯ РОСТА»	 02.04.2018 	/politparty/finance/svodn_otchet_17/partiy_rosta.pdf	/politparty/finance/svodn_otchet_17/partiy_rosta.doc
2017	8	Политическая партия «Партия народной свободы» (ПАРНАС)	 30.03.2018 	/politparty/finance/svodn_otchet_17/parnas.pdf	/politparty/finance/svodn_otchet_17/parnas.doc
2017	9	Политическая партия «Демократическая партия России»	 18.01.2018 	/politparty/finance/svodn_otchet_17/demokr.partiya.pdf	/politparty/finance/svodn_otchet_17/demokr.partiya.doc
2017	10	Общероссийская политическая партия «Народная партия «За женщин России»	 14.03.2018 	/politparty/finance/svodn_otchet_17/za_zhenschin.pdf	/politparty/finance/svodn_otchet_17/za_zhenschin.doc
2017	11	ПОЛИТИЧЕСКАЯ ПАРТИЯ «АЛЬЯНС ЗЕЛЕНЫХ»	 26.03.2018 	/politparty/finance/svodn_otchet_17/alliance_zelenyh.pdf	/politparty/finance/svodn_otchet_17/alliance_zelenyh.doc
2017	12	Политическая партия «Союз Горожан»	 18.01.2018 	/politparty/finance/svodn_otchet_17/soyuz_gorojan.pdf	/politparty/finance/svodn_otchet_17/soyuz_gorojan.doc
2017	13	Всероссийская политическая партия «Народная партия России»	 18.01.2018 	/politparty/finance/svodn_otchet_17/narodnaya_partiya.pdf	/politparty/finance/svodn_otchet_17/narodnaya_partiya.doc
2017	14	Политическая партия «ГРАЖДАНСКАЯ ПОЗИЦИЯ»	 18.01.2018 	/politparty/finance/svodn_otchet_17/grajd._poziciya.pdf	/politparty/finance/svodn_otchet_17/grajd._poziciya.doc
2017	15	Всероссийская политическая партия «Социал-демократическая партия России»	 18.01.2018 	/politparty/finance/svodn_otchet_17/social-demokr.pdf	/politparty/finance/svodn_otchet_17/social-demokr.doc
2017	16	Политическая партия «Коммунистическая партия социальной справедливости»	 18.01.2018 	/politparty/finance/svodn_otchet_17/kpss.pdf	/politparty/finance/svodn_otchet_17/kpss.doc
2017	17	Всероссийская политическая партия «Партия пенсионеров России»	 29.03.2018 	/politparty/finance/svodn_otchet_17/pensionerov_rossii.pdf	/politparty/finance/svodn_otchet_17/pensionerov_rossii.doc
2017	18	Политическая партия «Города России»	 29.03.2018 	/politparty/finance/svodn_otchet_17/goroda_rossii.pdf	/politparty/finance/svodn_otchet_17/goroda_rossii.doc
2017	19	Политическая партия «Молодая Россия»	 27.04.2018 	/politparty/finance/svodn_otchet_17/molodaya.pdf	/politparty/finance/svodn_otchet_17/molodaya.doc
2017	20	Всероссийская политическая партия «Партия свободных граждан»	 15.03.2018 	/politparty/finance/svodn_otchet_17/svobodnyh_grazdan.pdf	/politparty/finance/svodn_otchet_17/svobodnyh_grazdan.doc
2017	21	Политическая партия «Российская экологическая партия «Зелёные»	 20.03.2018 	/politparty/finance/svodn_otchet_17/zeleniye.pdf	/politparty/finance/svodn_otchet_17/zeleniye.docx
2017	22	Политическая партия КОММУНИСТИЧЕСКАЯ ПАРТИЯ КОММУНИСТЫ РОССИИ	 02.04.2018 	/politparty/finance/svodn_otchet_17/kommunisty_rossii.pdf	/politparty/finance/svodn_otchet_17/kommunisty_rossii.doc
2017	23	Всероссийская политическая партия «Аграрная партия России»	 30.03.2018 	/politparty/finance/svodn_otchet_17/apr.pdf	/politparty/finance/svodn_otchet_17/apr.doc
2017	24	Общественная организация ─ политическая партия «РОССИЙСКИЙ ОБЩЕНАРОДНЫЙ СОЮЗ»	 02.04.2018 	/politparty/finance/svodn_otchet_17/ros.pdf	/politparty/finance/svodn_otchet_17/ros.doc
2017	25	Всероссийская политическая партия ПАРТИЯ ЗА СПРАВЕДЛИВОСТЬ!	 24.01.2018 	/politparty/finance/svodn_otchet_17/za_spravedlivost.pdf	/politparty/finance/svodn_otchet_17/za_spravedlivost.doc
2017	26	Политическая партия СОЦИАЛЬНОЙ ЗАЩИТЫ	 13.04.2018 	/politparty/finance/svodn_otchet_17/socialnoy_zaschity.pdf	/politparty/finance/svodn_otchet_17/socialnoy_zaschity.doc
2017	27	Общественная организация Всероссийская политическая партия «Гражданская Сила»	 30.03.2018 	/politparty/finance/svodn_otchet_17/grazhd_sila.pdf	/politparty/finance/svodn_otchet_17/grazhd_sila.doc
2017	28	Политическая партия «Российская партия пенсионеров за социальную справедливость»	 02.04.2018 	/politparty/finance/svodn_otchet_17/pensioneri_za_spraved.pdf	/politparty/finance/svodn_otchet_17/pensioneri_za_spraved.docx
2017	29	Всероссийская политическая партия «НАРОДНЫЙ АЛЬЯНС»	 18.01.2018 	/politparty/finance/svodn_otchet_17/narodniy_alians.pdf	/politparty/finance/svodn_otchet_17/narodniy_alians.doc
2017	30	Политическая партия «Монархическая партия»	 26.01.2018 	/politparty/finance/svodn_otchet_17/monarhicheskaya.pdf	/politparty/finance/svodn_otchet_17/monarhicheskaya.doc
2017	31	Политическая партия «Гражданская Платформа»	 29.03.2018 	/politparty/finance/svodn_otchet_17/grazhd_platforma.pdf	/politparty/finance/svodn_otchet_17/grazhd_platforma.doc
2017	32	Всероссийская политическая партия «ЧЕСТНО» /Человек. Справедливость. Ответственность/»	 02.04.2018 	/politparty/finance/svodn_otchet_17/chestno.pdf	/politparty/finance/svodn_otchet_17/chestno.doc
2017	33	Политическая партия «Трудовая партия России»	 20.03.2018 	/politparty/finance/svodn_otchet_17/trudovaya.pdf	/politparty/finance/svodn_otchet_17/trudovaya.doc
2017	34	Политическая партия «Против всех»	 30.01.2018 	/politparty/finance/svodn_otchet_17/protiv_vseh.pdf	/politparty/finance/svodn_otchet_17/protiv_vseh.doc
2017	35	Политическая партия «Российская Социалистическая партия»	 29.03.2018 	/politparty/finance/svodn_otchet_17/socialisticheskaya.pdf	/politparty/finance/svodn_otchet_17/socialisticheskaya.doc
2017	36	Политическая партия «ПАРТИЯ ВЕТЕРАНОВ РОССИИ»	 29.03.2018 	/politparty/finance/svodn_otchet_17/veteranov_rossii.pdf	/politparty/finance/svodn_otchet_17/veteranov_rossii.doc
2017	37	Политическая партия «Российский Объединённый Трудовой Фронт»	 22.03.2018 	/politparty/finance/svodn_otchet_17/rot_front.pdf	/politparty/finance/svodn_otchet_17/rot_front.doc
2017	38	Всероссийская политическая партия «ПАРТИЯ ДЕЛА»	 22.03.2018 	/politparty/finance/svodn_otchet_17/dela.pdf	/politparty/finance/svodn_otchet_17/dela.doc
2017	39	Политическая партия «НАЦИОНАЛЬНОЙ БЕЗОПАСНОСТИ РОССИИ»	 не представлен 		
2017	40	Всероссийская политическая партия «РОДИНА»	 30.03.2018 	/politparty/finance/svodn_otchet_17/rodina.pdf	/politparty/finance/svodn_otchet_17/rodina.doc
2017	41	Всероссийская политическая партия «Союз Труда»	 22.03.2018 	/politparty/finance/svodn_otchet_17/souz_truda.pdf	/politparty/finance/svodn_otchet_17/souz_truda.doc
2017	42	Политическая партия «Российская партия народного управления»	 29.01.2018 	/politparty/finance/svodn_otchet_17/rpnu.pdf	/politparty/finance/svodn_otchet_17/rpnu.doc
2017	43	Всероссийская политическая партия «Женский Диалог»	 24.01.2018 	/politparty/finance/svodn_otchet_17/jenskiy_dialog.pdf	/politparty/finance/svodn_otchet_17/jenskiy_dialog.docx
2017	44	Всероссийская политическая партия «Партия Возрождения Села»	 29.03.2018 	/politparty/finance/svodn_otchet_17/v_sela.pdf	/politparty/finance/svodn_otchet_17/v_sela.doc
2017	45	Общественная организация ─ Всероссийская политическая партия «ЗАЩИТНИКИ ОТЕЧЕСТВА»	 30.03.2018 	/politparty/finance/svodn_otchet_17/zaschitniki_otechestva.pdf	/politparty/finance/svodn_otchet_17/zaschitniki_otechestva.doc
2017	46	Политическая партия «Казачья партия Российской Федерации»	 27.03.2018 	/politparty/finance/svodn_otchet_17/kazachya.pdf	/politparty/finance/svodn_otchet_17/kazachya.docx
2017	47	Общероссийская политическая партия «РАЗВИТИЕ РОССИИ»	 30.01.2018 	/politparty/finance/svodn_otchet_17/razvitie_rossii.pdf	/politparty/finance/svodn_otchet_17/razvitie_rossii.doc
2017	48	Политическая партия «Демократическая правовая Россия»	 02.03.2018 	/politparty/finance/svodn_otchet_17/dem_pravovaya.pdf	/politparty/finance/svodn_otchet_17/dem_pravovaya.doc
2017	49	Политическая партия «Общероссийская политическая партия «ДОСТОИНСТВО»	 19.01.2018 	/politparty/finance/svodn_otchet_17/dostoinstvo.pdf	/politparty/finance/svodn_otchet_17/dostoinstvo.docx
2017	50	Всероссийская политическая партия «Партия Великое Отечество»	 02.04.2018 	/politparty/finance/svodn_otchet_17/velikoe_otechestvo.pdf	/politparty/finance/svodn_otchet_17/velikoe_otechestvo.doc
2017	51	Всероссийская политическая партия «Российская партия садоводов»	 27.03.2018 	/politparty/finance/svodn_otchet_17/sadovodov.pdf	/politparty/finance/svodn_otchet_17/sadovodov.doc
2017	52	Всероссийская политическая партия «Гражданская инициатива»	 22.03.2018 	/politparty/finance/svodn_otchet_17/grazd_iniciativa.pdf	/politparty/finance/svodn_otchet_17/grazd_iniciativa.doc
2017	53	Политическая партия «Партия Возрождения России»	 30.03.2018 	/politparty/finance/svodn_otchet_17/vozrozhdenia_rossii.pdf	/politparty/finance/svodn_otchet_17/vozrozhdenia_rossii.doc
2017	54	Политическая партия «Национальный курс»	 26.02.2018 	/politparty/finance/svodn_otchet_17/kurs.pdf	/politparty/finance/svodn_otchet_17/kurs.doc
2017	55	Общероссийская политическая партия «НАРОД ПРОТИВ КОРРУПЦИИ»	 27.03.2018 	/politparty/finance/svodn_otchet_17/protiv_korrupcii.pdf	/politparty/finance/svodn_otchet_17/protiv_korrupcii.doc
2017	56	Политическая партия «Родная партия»	 28.03.2018 	/politparty/finance/svodn_otchet_17/rodnaya.pdf	/politparty/finance/svodn_otchet_17/rodnaya.doc
2017	57	Политическая партия «Спортивная партия России «ЗДОРОВЫЕ СИЛЫ»	 09.04.2018 	/politparty/finance/svodn_otchet_17/zdorovie_sily.pdf	/politparty/finance/svodn_otchet_17/zdorovie_sily.doc
2017	58	Всероссийская политическая партия «Интернациональная партия России»	 29.01.2018 	/politparty/finance/svodn_otchet_17/internacional.pdf	/politparty/finance/svodn_otchet_17/internacional.doc
2017	59	Политическая партия «ПАРТИЯ СОЦИАЛЬНЫХ РЕФОРМ - Прибыль от природных ресурсов - Народу»	 28.03.2018 	/politparty/finance/svodn_otchet_17/socialnyh_reform.pdf	/politparty/finance/svodn_otchet_17/socialnyh_reform.doc
2017	60	Политическая партия «Объединенная партия людей ограниченной трудоспособности России»	 31.01.2018 	/politparty/finance/svodn_otchet_17/oplot.pdf	/politparty/finance/svodn_otchet_17/oplot.doc
2017	61	Общественная организация - Политическая партия «Добрых дел, защиты детей, женщин, свободы, природы и пенсионеров»	 30.01.2018 	/politparty/finance/svodn_otchet_17/dobrih_del.pdf	/politparty/finance/svodn_otchet_17/dobrih_del.doc
2017	62	Общественная организация - Политическая партия «Возрождение аграрной России»	 17.04.2018 	/politparty/finance/svodn_otchet_17/vozr._agrar._rossii.pdf	/politparty/finance/svodn_otchet_17/vozr._agrar._rossii.docx
2017	63	Общественная организация - Политическая партия «Партия Поддержки»	 28.03.2018 	/politparty/finance/svodn_otchet_17/podderzhki.pdf	/politparty/finance/svodn_otchet_17/podderzhki.doc
2017	64	Общественная организация - Политическая партия «ПАРТИЯ РОДИТЕЛЕЙ БУДУЩЕГО»	 02.04.2018 	/politparty/finance/svodn_otchet_17/roditeley.pdf	/politparty/finance/svodn_otchet_17/roditeley.doc
2017	65	Политическая партия «Партия Малого Бизнеса России»	 02.04.2018 	/politparty/finance/svodn_otchet_17/malogo_biznesa.pdf	/politparty/finance/svodn_otchet_17/malogo_biznesa.doc
2017	66	Всероссийская политическая партия «БЕСПАРТИЙНАЯ РОССИЯ»	 26.01.2018 	/politparty/finance/svodn_otchet_17/bespartijnaya.pdf	/politparty/finance/svodn_otchet_17/bespartijnaya.doc
2016	1.	Всероссийская политическая партия «ЕДИНАЯ РОССИЯ»	 31.03.2017 	/politparty/finance/svodn_otchet_16/EDINAYA_ROSSIA.PDF	/politparty/finance/svodn_otchet_16/EDINAYA.doc
2016	2.	Политическая партия «КОММУНИСТИЧЕСКАЯ ПАРТИЯ РОССИЙСКОЙ ФЕДЕРАЦИИ»	 31.03.2017 	/politparty/finance/svodn_otchet_16/KPRF.pdf	/politparty/finance/svodn_otchet_16/KPRF.doc
2016	3.	Политическая партия ЛДПР	 31.03.2017 	/politparty/finance/svodn_otchet_16/LDPR.pdf	/politparty/finance/svodn_otchet_16/LDPR.doc
2016	4.	Политическая партия «ПАТРИОТЫ РОССИИ»	 31.03.2017 	/politparty/finance/svodn_otchet_16/PATRIOTY.pdf	/politparty/finance/svodn_otchet_16/PATRIOTY.doc
2016	5.	Политическая партия «Российская объединенная демократическая партия «ЯБЛОКО»	 24.03.2017 	/politparty/finance/svodn_otchet_16/YABLOKO.pdf	/politparty/finance/svodn_otchet_16/YABLOKO.doc
2016	6.	Политическая партия СПРАВЕДЛИВАЯ РОССИЯ	 30.03.2017 	/politparty/finance/svodn_otchet_16/SPAVEDLIVAYA.pdf	/politparty/finance/svodn_otchet_16/SPAVEDLIVAYA.doc
2016	7.	Всероссийская политическая партия «ПАРТИЯ РОСТА»	 31.03.2017 	/politparty/finance/svodn_otchet_16/PARTIY_ROSTA.PDF	/politparty/finance/svodn_otchet_16/PARTIY_ROSTA.doc
2016	8.	Политическая партия «Партия народной свободы» (быв. РПР-ПАРНАС)	 24.03.2017 	/politparty/finance/svodn_otchet_16/PARNAS.pdf	/politparty/finance/svodn_otchet_16/PARNAS.doc
2016	9.	Политическая партия «Демократическая партия России»	 24.01.2017 	/politparty/finance/svodn_otchet_16/DEMOKRATICHESKAYA_PARTIYA.pdf	/politparty/finance/svodn_otchet_16/DEMOKRATICHESKAYA_PARTIYA.doc
2016	10.	Общероссийская политическая партия «Народная партия «За женщин России»	 29.03.2017 	/politparty/finance/svodn_otchet_16/ZA_ZHENSCHIN.pdf	/politparty/finance/svodn_otchet_16/ZA_ZHENSCHIN.doc
2016	11.	Политическая партия «АЛЬЯНС ЗЕЛЕНЫХ»	 29.03.2017 	/politparty/finance/svodn_otchet_16/ALLIANCE_ZELENYH.pdf	/politparty/finance/svodn_otchet_16/ALLIANCE_ZELENYH.doc
2016	12.	Политическая партия «Союз Горожан»	 24.01.2017 	/politparty/finance/svodn_otchet_16/SOUZ_GOROZHAN.pdf	/politparty/finance/svodn_otchet_16/SOUZ_GOROZHAN.doc
2016	13.	Всероссийская политическая партия «Народная партия России»	 24.01.2017 	/politparty/finance/svodn_otchet_16/NARODNAYA_PARTIYA.pdf	/politparty/finance/svodn_otchet_16/NARODNAYA_PARTIYA.doc
2016	14.	Всероссийская политическая партия «Социал-демократическая партия России»	 24.01.2017 	/politparty/finance/svodn_otchet_16/SOCIAL-DEMOKRATICHESKAYA.pdf	/politparty/finance/svodn_otchet_16/SOCIAL-DEMOKRATICHESKAYA.doc
2016	15.	Политическая партия «Коммунистическая партия социальной справедливости»	 24.01.2017 	/politparty/finance/svodn_otchet_16/KPSS.pdf	/politparty/finance/svodn_otchet_16/KPSS.doc
2016	16.	Всероссийская политическая партия «Партия пенсионеров России»	 24.03.2017 	/politparty/finance/svodn_otchet_16/PENSIONEROV_ROSSII.pdf	/politparty/finance/svodn_otchet_16/PENSIONEROV_ROSSII.doc
2016	17.	Политическая партия «Города России»	 24.03.2017 	/politparty/finance/svodn_otchet_16/GORODA_ROSSII.pdf	/politparty/finance/svodn_otchet_16/GORODA_ROSSII.doc
2016	18.	Политическая партия «Молодая Россия»	 30.03.2017 	/politparty/finance/svodn_otchet_16/MOLODAYA.pdf	/politparty/finance/svodn_otchet_16/MOLODAYA.doc
2016	19.	Всероссийская политическая партия «Партия свободных граждан»	 17.03.2017 	/politparty/finance/svodn_otchet_16/SVOBODNYH_GRAZDAN.pdf	/politparty/finance/svodn_otchet_16/SVOBODNYH_GRAZDAN.doc
2016	20.	Политическая партия «Российская экологическая партия «Зелёные»	 23.03.2017 	/politparty/finance/svodn_otchet_16/REP_ZELENIYE.PDF	/politparty/finance/svodn_otchet_16/REP_ZELENYE.doc
2016	21.	Политическая партия КОММУНИСТИЧЕСКАЯ ПАРТИЯ КОММУНИСТЫ РОССИИ	 30.03.2017 	/politparty/finance/svodn_otchet_16/KOMMUNISTY_ROSSII.pdf	/politparty/finance/svodn_otchet_16/KOMMUNISTY_ROSSII.doc
2016	22.	Всероссийская политическая партия «Аграрная партия России»	 30.03.2017 	/politparty/finance/svodn_otchet_16/APR.pdf	/politparty/finance/svodn_otchet_16/APR.doc
2016	23.	Политическая партия «Российский общенародный союз»	 31.03.2017 	/politparty/finance/svodn_otchet_16/ROS.pdf	/politparty/finance/svodn_otchet_16/ROS.doc
2016	24.	Всероссийская политическая партия ПАРТИЯ ЗА СПРАВЕДЛИВОСТЬ!	 16.01.2017 	/politparty/finance/svodn_otchet_16/ZA_SPRAVEDLIVOST.pdf	/politparty/finance/svodn_otchet_16/ZA_SPRAVEDLIVOST.doc
2016	25.	Политическая партия СОЦИАЛЬНОЙ ЗАЩИТЫ	 16.01.2017 	/politparty/finance/svodn_otchet_16/SOCIALNOY_ZASCHITY.pdf	/politparty/finance/svodn_otchet_16/SOCIALNOY_ZASCHITY.doc
2016	26.	Общественная организация Всероссийская политическая партия «Гражданская Сила»	 10.02.2017 	/politparty/finance/svodn_otchet_16/GRAZHD_SILA.pdf	/politparty/finance/svodn_otchet_16/GRAZHD_SILA.doc
2016	27.	Политическая партия «Российская партия пенсионеров за справедливость»	 03.04.2017 	/politparty/finance/svodn_otchet_16/PENSIONEROV_SPRAVEDLIVOST.pdf	/politparty/finance/svodn_otchet_16/PENSIONEROV_SPRAVEDLIVOST.doc
2016	28.	Всероссийская политическая партия «НАРОДНЫЙ АЛЬЯНС»	 24.01.2017 	/politparty/finance/svodn_otchet_16/NARODNY_ALLIANCE.pdf	/politparty/finance/svodn_otchet_16/NARODNY_ALLIANCE.doc
2016	29.	Политическая партия «Монархическая партия»	 30.01.2017 	/politparty/finance/svodn_otchet_16/MONARHICHESKAYA.pdf	/politparty/finance/svodn_otchet_16/MONARHICHESKAYA.doc
2016	30.	Российская политическая Партия Мира и Единства	 03.04.2017 	/politparty/finance/svodn_otchet_16/MIRA_EDINSTVA.pdf	/politparty/finance/svodn_otchet_16/MIRA_EDINSTVA.doc
2016	31.	Политическая партия «Гражданская Платформа»	 29.03.2017 	/politparty/finance/svodn_otchet_16/GRAZHD_PLATFORMA.pdf	/politparty/finance/svodn_otchet_16/GRAZHD_PLATFORMA.doc
2016	32.	Всероссийская политическая партия «ЧЕСТНО» /Человек. Справедливость. Ответственность/»	 17.01.2017 	/politparty/finance/svodn_otchet_16/CHESTNO.PDF	/politparty/finance/svodn_otchet_16/CHESTNO.doc
2016	33.	Политическая партия «Партия налогоплательщиков России»	 14.04.2017 	/politparty/finance/svodn_otchet_16/NALOGOPLATELSCHIKOV.pdf	/politparty/finance/svodn_otchet_16/NALOGOPLATELSCHIKOV.doc
2016	34.	Политическая партия «Демократический выбор»	 31.03.2017 	/politparty/finance/svodn_otchet_16/DEM_VYBOR.pdf	/politparty/finance/svodn_otchet_16/DEM_VYBOR.doc
2016	35.	Политическая партия «Трудовая партия России»	 30.03.2017 	/politparty/finance/svodn_otchet_16/TRUDOVAYA.pdf	/politparty/finance/svodn_otchet_16/TRUDOVAYA.doc
2016	36.	Политическая партия «Против всех»	 31.03.2017 	/politparty/finance/svodn_otchet_16/PROTIV_VSEH.pdf	/politparty/finance/svodn_otchet_16/PROTIV_VSEH.doc
2016	37.	Политическая партия «Российская Социалистическая партия»	 31.03.2017 	/politparty/finance/svodn_otchet_16/SOCIALISTICHESKAYA.pdf	/politparty/finance/svodn_otchet_16/SOCIALISTICHESKAYA.doc
2016	38.	Политическая партия «Партия Духовного Преображения России»	 16.03.2017 	/politparty/finance/svodn_otchet_16/DUHOVN_PREOBRAZN.PDF	/politparty/finance/svodn_otchet_16/DUHOVN_PREOBRAZH.doc
2016	39.	Политическая партия «ПАРТИЯ ВЕТЕРАНОВ РОССИИ»	 28.02.2017 	/politparty/finance/svodn_otchet_16/VETERANOV_ROSSII.pdf	/politparty/finance/svodn_otchet_16/VETERANOV_ROSSII.doc
2016	40.	Политическая партия «Российский Объединённый Трудовой Фронт»	 20.03.2017 	/politparty/finance/svodn_otchet_16/ROT_FRONT.pdf	/politparty/finance/svodn_otchet_16/ROT_FRONT.doc
2016	41.	Всероссийская политическая партия «ПАРТИЯ ДЕЛА»	 28.03.2017 	/politparty/finance/svodn_otchet_16/PARTIYA_DELA.pdf	/politparty/finance/svodn_otchet_16/PARTIYA_DELA.doc
2016	42.	Политическая партия «НАЦИОНАЛЬНОЙ БЕЗОПАСНОСТИ РОССИИ»	 01.04.2017 	/politparty/finance/svodn_otchet_16/NACIONALNOY_BEZOPASNOSTI.pdf	/politparty/finance/svodn_otchet_16/NACIONALNOY_BEZOPASNOSTI.doc
2016	43.	Всероссийская политическая партия «РОДИНА»	 14.04.2017 	/politparty/finance/svodn_otchet_16/RODINA.PDF	/politparty/finance/svodn_otchet_16/RODINA.doc
2016	44.	Всероссийская политическая партия «Союз Труда»	 29.03.2017 	/politparty/finance/svodn_otchet_16/SOUZ_TRUDA.pdf	/politparty/finance/svodn_otchet_16/SOUZ_TRUDA.doc
2016	45.	Политическая партия «Российская партия народного управления»	 31.03.2017 	/politparty/finance/svodn_otchet_16/RPNU.pdf	/politparty/finance/svodn_otchet_16/RPNU.doc
2016	46.	Всероссийская политическая партия «Женский Диалог»	 25.01.2017 	/politparty/finance/svodn_otchet_16/ZHENSKIY_DIALOG.pdf	/politparty/finance/svodn_otchet_16/ZHENSKIY_DIALOG.doc
2016	47.	Политическая партия «Рожденные в Союзе Советских Социалистических Республик»	 31.03.2017 	/politparty/finance/svodn_otchet_16/ROZDENNYE_SSSR.pdf	/politparty/finance/svodn_otchet_16/ROZDENNYE_SSSR.doc
2016	48.	Всероссийская политическая партия «Партия Возрождения Села»	 28.03.2017 	/politparty/finance/svodn_otchet_16/VOZROZDENIYA_SELA.pdf	/politparty/finance/svodn_otchet_16/VOZROZDENIYA_SELA.doc
2016	49.	Всероссийская политическая партия «ЗАЩИТНИКИ ОТЕЧЕСТВА»	 03.04.2017 	/politparty/finance/svodn_otchet_16/ZASCHITNIKI_OTECHESTVA.pdf	/politparty/finance/svodn_otchet_16/ZASCHITNIKI_OTECHESTVA.doc
2016	50.	Политическая партия «Казачья партия Российской Федерации»	 23.03.2017 	/politparty/finance/svodn_otchet_16/KAZAKI.pdf	/politparty/finance/svodn_otchet_16/KAZAKI.doc
2016	51.	Общероссийская политическая партия «РАЗВИТИЕ РОССИИ»	 24.01.2017 	/politparty/finance/svodn_otchet_16/RAZVITIE_ROSSII.pdf	/politparty/finance/svodn_otchet_16/RAZVITIE_ROSSII.doc
2016	52.	Политическая партия «Объединенная аграрно-промышленная партия России»	 31.03.2017 	/politparty/finance/svodn_otchet_16/OAPPR.pdf	/politparty/finance/svodn_otchet_16/OAPPR.doc
2016	53.	Политическая партия «Демократическая правовая Россия»	 03.03.2017 	/politparty/finance/svodn_otchet_16/DEM_PRAVOVAYA.pdf	/politparty/finance/svodn_otchet_16/DEM_PRAVOVAYA.doc
2016	54.	Политическая партия «Партия СОЦИАЛЬНОЙ СОЛИДАРНОСТИ»	 31.03.2017 	/politparty/finance/svodn_otchet_16/SOCIALNOY_SOLIDARNOSTI.pdf	/politparty/finance/svodn_otchet_16/SOCIALNOY_SOLIDARNOSTI.doc
2016	55.	Политическая партия «Общероссийская политическая партия «ДОСТОИНСТВО»	 25.01.2017 	/politparty/finance/svodn_otchet_16/DOSTOINSTVO.pdf	/politparty/finance/svodn_otchet_16/DOSTOINSTVO.doc
2016	56.	Всероссийская политическая партия «Партия Великое Отечество»	 28.03.2017 	/politparty/finance/svodn_otchet_16/VELIKOE_OTECHESTVO.pdf	/politparty/finance/svodn_otchet_16/VELIKOE_OTECHESTVO.doc
2016	57.	Всероссийская политическая партия «Российская партия садоводов»	 06.03.2017 	/politparty/finance/svodn_otchet_16/SADOVODOV.pdf	/politparty/finance/svodn_otchet_16/SADOVODOV.doc
2016	58.	Политическая партия «Гражданская Позиция»	 24.01.2017 	/politparty/finance/svodn_otchet_16/GRAZD_POZICIYA.pdf	/politparty/finance/svodn_otchet_16/GRAZD_POZICIYA.doc
2016	59.	Всероссийская политическая партия «Гражданская инициатива»	 16.03.2017 	/politparty/finance/svodn_otchet_16/GRAZD_INICIATIVA.pdf	/politparty/finance/svodn_otchet_16/GRAZD_INICIATIVA.doc
2016	60.	Политическая партия «Партия Возрождения России»	 31.03.2017 	/politparty/finance/svodn_otchet_16/VOZROZHDENIA_ROSSII.pdf	/politparty/finance/svodn_otchet_16/VOZROZHDENIA_ROSSII.doc
2016	61.	Политическая партия «Национальный курс»	 16.02.2017 	/politparty/finance/svodn_otchet_16/NACIONALNY_KURS.pdf	/politparty/finance/svodn_otchet_16/NACIONALNY_KURS.doc
2016	62.	Всероссийская политическая партия «Автомобильная Россия»	 29.03.2017 	/politparty/finance/svodn_otchet_16/AVTO_ROSSIA.pdf	/politparty/finance/svodn_otchet_16/AVTO_ROSSIA.doc
2016	63.	Общероссийская политическая партия «НАРОД ПРОТИВ КОРРУПЦИИ»	 31.03.2017 	/politparty/finance/svodn_otchet_16/NAROD_PROTIV_KORRUPCII.pdf	/politparty/finance/svodn_otchet_16/NAROD_PROTIV_KORRUPCII.doc
2016	64.	Политическая партия «Родная партия»	 31.03.2017 	/politparty/finance/svodn_otchet_16/RODNAYA_PARTIYA.pdf	/politparty/finance/svodn_otchet_16/RODNAYA_PARTIYA.doc
2016	65.	Политическая партия «Спортивная партия России «ЗДОРОВЫЕ СИЛЫ»	 28.03.2017 	/politparty/finance/svodn_otchet_16/ZDOROVIE_SILY.pdf	/politparty/finance/svodn_otchet_16/ZDOROVIE_SILY.doc
2016	66.	Политическая партия «ПАРТИЯ СОЦИАЛЬНЫХ РЕФОРМ - Прибыль от природных ресурсов - Народу»	 31.03.2017 	/politparty/finance/svodn_otchet_16/SOCIALNYH_REFORM.pdf	/politparty/finance/svodn_otchet_16/SOCIALNYH_REFORM.doc
2016	67.	Всероссийская политическая партия «ИНТЕРНАЦИОНАЛЬНАЯ ПАРТИЯ РОССИИ»	 26.01.2017 	/politparty/finance/svodn_otchet_16/INTERNACIONALNAYA.pdf	/politparty/finance/svodn_otchet_16/INTERNACIONALNAYA.doc
2016	68.	Политическая партия «Объединенная партия людей ограниченной трудоспособности России»	 28.03.2017 	/politparty/finance/svodn_otchet_16/OPLOT.pdf	/politparty/finance/svodn_otchet_16/OPLOT.doc
2016	69.	Общественная организация - Политическая партия «Добрых дел, защиты детей, женщин, свободы, природы и пенсионеров»	 30.03.2017 	/politparty/finance/svodn_otchet_16/DOBRIH_DEL.pdf	/politparty/finance/svodn_otchet_16/DOBRIH_DEL.doc
2016	70.	Общественная организация - Политическая партия «Возрождение аграрной России»	 31.03.2017 	/politparty/finance/svodn_otchet_16/VOZROZDENIE_AGRARNOY.pdf	/politparty/finance/svodn_otchet_16/VOZROZDENIE_AGRARNOY.doc
2016	71.	Общественная организация - Политическая партия «Партия Поддержки»	 31.03.2017 	/politparty/finance/svodn_otchet_16/PODDERZHKI.pdf	/politparty/finance/svodn_otchet_16/PODDERZHKI.doc
2016	72.	Общественная организация - Политическая партия «ПАРТИЯ РОДИТЕЛЕЙ БУДУЩЕГО»	 01.04.2017 	/politparty/finance/svodn_otchet_16/RODITELEY_BUDUSHCEGO.pdf	/politparty/finance/svodn_otchet_16/RODITELEY_BUDUSHCEGO.doc
2016	73.	Политическая партия «Народно-патриотическая партия России - Власть Народу»	 31.03.2017 	/politparty/finance/svodn_otchet_16/NPR-Vlast.pdf	/politparty/finance/svodn_otchet_16/NPR-Vlast.doc
2016	74.	Всероссийская политическая партия «БЕСПАРТИЙНАЯ РОССИЯ»	 17.01.2017 	/politparty/finance/svodn_otchet_16/Bespartinaya.pdf	/politparty/finance/svodn_otchet_16/Bespartinaya.doc
2016	75.	Политическая партия «Партия Малого Бизнеса России»	 29.03.2017 	/politparty/finance/svodn_otchet_16/MALY_BIZNES.pdf	/politparty/finance/svodn_otchet_16/MALIY_BIZNES.doc
2015	1.	Всероссийская политическая партия «ЕДИНАЯ РОССИЯ»	 31.03.2016 	/politparty/finance/svodn_otchet15/EDINAYA.PDF	/politparty/finance/svodn_otchet15/EDINAYA.doc
2015	2.	Политическая партия «КОММУНИСТИЧЕСКАЯ ПАРТИЯ РОССИЙСКОЙ ФЕДЕРАЦИИ»	 30.03.2016 	/politparty/finance/svodn_otchet15/KPRF.PDF	/politparty/finance/svodn_otchet15/KPRF.doc
2015	3.	Политическая партия ЛДПР	 31.03.2016 	/politparty/finance/svodn_otchet15/LDPR.PDF	/politparty/finance/svodn_otchet15/LDPR.doc
2015	4.	Политическая партия «ПАТРИОТЫ РОССИИ»	 31.03.2016 	/politparty/finance/svodn_otchet15/PATRIOTY.PDF	/politparty/finance/svodn_otchet15/PATRIOTY.doc
2015	5.	Политическая партия «Российская объединенная демократическая партия «ЯБЛОКО»	 30.03.2016 	/politparty/finance/svodn_otchet15/YABLOKO.PDF	/politparty/finance/svodn_otchet15/YABLOKO.doc
2015	6.	Политическая партия СПРАВЕДЛИВАЯ РОССИЯ	 31.03.2016 	/politparty/finance/svodn_otchet15/SPAVEDLIVAYA.PDF	/politparty/finance/svodn_otchet15/SPAVEDLIVAYA.doc
2015	7.	Всероссийская политическая партия «ПРАВОЕ ДЕЛО»	 01.04.2016 	/politparty/finance/svodn_otchet15/PRAVOE_DELO.PDF	/politparty/finance/svodn_otchet15/PRAVOE_DELO.doc
2015	8.	Политическая партия «Партия народной свободы» (быв. РПР-ПАРНАС)	 25.03.2016 	/politparty/finance/svodn_otchet15/PARNAS.PDF	/politparty/finance/svodn_otchet15/PARNAS.doc
2015	9.	Политическая партия «Демократическая партия России»	 01.04.2016 	/politparty/finance/svodn_otchet15/DEMOKRATICHESKAYA_PARTIYA.PDF	/politparty/finance/svodn_otchet15/DEMOKRATICHESKAYA_PARTIYA.doc
2015	10.	Общероссийская политическая партия «Народная партия «За женщин России»	 31.03.2016 	/politparty/finance/svodn_otchet15/ZA_ZHENSCHIN.pdf	/politparty/finance/svodn_otchet15/ZA_ZHENSCHIN.doc
2015	11.	Политическая партия «АЛЬЯНС ЗЕЛЕНЫХ»	 31.03.2016 	/politparty/finance/svodn_otchet15/ALLIANCE_ZELENYH.PDF	/politparty/finance/svodn_otchet15/ALLIANCE_ZELENYH.doc
2015	12.	Политическая партия «Союз Горожан»	 01.04.2016 	/politparty/finance/svodn_otchet15/SOUZ_GOROZHAN.PDF	/politparty/finance/svodn_otchet15/SOUZ_GOROZHAN.doc
2015	13.	Всероссийская политическая партия «Народная партия России»	 01.04.2016 	/politparty/finance/svodn_otchet15/NARODNAYA_PARTIYA.PDF	/politparty/finance/svodn_otchet15/NARODNAYA_PARTIYA.doc
2015	14.	Всероссийская политическая партия «Социал-демократическая партия России»	 01.04.2016 	/politparty/finance/svodn_otchet15/SOCIAL-DEMOKRATICHESKAYA.PDF	/politparty/finance/svodn_otchet15/SOCIAL-DEMOKRATICHESKAYA.doc
2015	15.	Политическая партия «Коммунистическая партия социальной справедливости»	 01.04.2016 	/politparty/finance/svodn_otchet15/KPSS.pdf	/politparty/finance/svodn_otchet15/KPSS.doc
2015	16.	Всероссийская политическая партия «Партия пенсионеров России»	 29.03.2016 	/politparty/finance/svodn_otchet15/PENSIONEROV_ROSSII.PDF	/politparty/finance/svodn_otchet15/PENSIONEROV_ROSSII.doc
2015	17.	Политическая партия «Города России»	 30.03.2016 	/politparty/finance/svodn_otchet15/GORODA_ROSSII.PDF	/politparty/finance/svodn_otchet15/GORODA_ROSSII.doc
2015	18.	Политическая партия «Молодая Россия»	 31.03.2016 	/politparty/finance/svodn_otchet15/MOLODAYA.PDF	/politparty/finance/svodn_otchet15/MOLODAYA.doc
2015	19.	Всероссийская политическая партия «Партия свободных граждан»	 31.03.2016 	/politparty/finance/svodn_otchet15/SVOBODNYH_GRAZDAN.PDF	/politparty/finance/svodn_otchet15/SVOBODNYH_GRAZDAN.doc
2015	20.	Политическая партия «Российская экологическая партия «Зелёные»	 28.03.2016 	/politparty/finance/svodn_otchet15/REP_ZELENYE.PDF	/politparty/finance/svodn_otchet15/REP_ZELENYE.doc
2015	21.	Политическая партия  КОММУНИСТИЧЕСКАЯ ПАРТИЯ КОММУНИСТЫ РОССИИ	 01.04.2016 	/politparty/finance/svodn_otchet15/KOMMUNISTY_ROSSII.PDF	/politparty/finance/svodn_otchet15/KOMMUNISTY_ROSSII.doc
2015	22.	Всероссийская политическая партия «Аграрная партия России»	 28.07.2016 	/politparty/finance/svodn_otchet15/AGRARNAY_PARTIYA_ROSSII.PDF	/politparty/finance/svodn_otchet15/AGRARNAY_PARTIYA_ROSSII.doc
2015	23.	Политическая партия «Российский общенародный союз»	 30.03.2016 	/politparty/finance/svodn_otchet15/ROS.pdf	/politparty/finance/svodn_otchet15/ROS.doc
2015	24.	Всероссийская политическая партия ПАРТИЯ ЗА СПРАВЕДЛИВОСТЬ!	 22.03.2016 	/politparty/finance/svodn_otchet15/ZA_SPRAVEDLIVOST.PDF	/politparty/finance/svodn_otchet15/ZA_SPRAVEDLIVOST.doc
2015	25.	Политическая партия СОЦИАЛЬНОЙ ЗАЩИТЫ	 22.03.2016 	/politparty/finance/svodn_otchet15/SOCIALNOY_ZASCHITY.PDF	/politparty/finance/svodn_otchet15/SOCIALNOY_ZASCHITY.doc
2015	26.	Общественная организация Всероссийская политическая партия «Гражданская Сила»	 31.03.2016 	/politparty/finance/svodn_otchet15/GRAZHD_SILA.PDF	/politparty/finance/svodn_otchet15/GRAZHD_SILA.doc
2015	27.	Политическая партия «Российская партия пенсионеров за справедливость»	 01.04.2016 	/politparty/finance/svodn_otchet15/PENSIONEROV_SPRAVEDLIVOST.PDF	/politparty/finance/svodn_otchet15/PENSIONEROV_SPRAVEDLIVOST.doc
2015	28.	Всероссийская политическая партия «НАРОДНЫЙ АЛЬЯНС»	 01.04.2016 	/politparty/finance/svodn_otchet15/NARODNY_ALLIANCE.PDF	/politparty/finance/svodn_otchet15/NARODNY_ALLIANCE.doc
2015	29.	Политическая партия «Монархическая партия»	 08.04.2016 	/politparty/finance/svodn_otchet15/MONARHICHESKAYA.PDF	/politparty/finance/svodn_otchet15/MONARHICHESKAYA.doc
2015	30.	Российская политическая Партия Мира и Единства	 31.03.2016 	/politparty/finance/svodn_otchet15/MIRA_EDINSTVA.PDF	/politparty/finance/svodn_otchet15/MIRA_EDINSTVA.doc
2015	31.	Политическая партия «Гражданская Платформа»	 01.04.2016 	/politparty/finance/svodn_otchet15/GRAZHD_PLATFORMA.PDF	/politparty/finance/svodn_otchet15/GRAZHD_PLATFORMA.doc
2015	32.	Всероссийская политическая партия «ЧЕСТНО» /Человек. Справедливость. Ответственность/»	 31.03.2016 	/politparty/finance/svodn_otchet15/CHESTNO.PDF	/politparty/finance/svodn_otchet15/CHESTNO.doc
2015	33.	Политическая партия «Партия налогоплательщиков России»	 30.03.2016 	/politparty/finance/svodn_otchet15/NALOGOPLATELSCHIKOV.PDF	/politparty/finance/svodn_otchet15/NALOGOPLATELSCHIKOV.doc
2015	34.	Политическая партия «Демократический выбор»	 01.04.2016 	/politparty/finance/svodn_otchet15/DEM_VYBOR.PDF	/politparty/finance/svodn_otchet15/DEM_VYBOR.doc
2015	35.	Общероссийская политическая партия «ВОЛЯ»	 31.03.2016 	/politparty/finance/svodn_otchet15/VOLYA.PDF	/politparty/finance/svodn_otchet15/VOLYA.doc
2015	36.	Политическая партия «Трудовая партия России»	 29.03.2016 	/politparty/finance/svodn_otchet15/TRUDOVAYA.PDF	/politparty/finance/svodn_otchet15/TRUDOVAYA.doc
2015	37.	Политическая партия «Против всех»	 31.03.2016 	/politparty/finance/svodn_otchet15/PROTIV_VSEH.PDF	/politparty/finance/svodn_otchet15/PROTIV_VSEH.doc
2015	38.	Политическая партия «Российская Социалистическая партия»	 01.04.2016 	/politparty/finance/svodn_otchet15/SOCIALISTICHESKAYA.PDF	/politparty/finance/svodn_otchet15/SOCIALISTICHESKAYA.doc
2015	39.	Политическая партия «Партия Духовного Преображения России»	 30.03.2016 	/politparty/finance/svodn_otchet15/DUHOVN_PREOBRAZH.PDF	/politparty/finance/svodn_otchet15/DUHOVN_PREOBRAZH.doc
2015	40.	Политическая партия «ПАРТИЯ ВЕТЕРАНОВ РОССИИ»	 31.03.2016 	/politparty/finance/svodn_otchet15/VETERANOV_ROSSII.PDF	/politparty/finance/svodn_otchet15/VETERANOV_ROSSII.doc
2015	41.	Политическая партия «Российский Объединённый Трудовой Фронт»	 30.03.2016 	/politparty/finance/svodn_otchet15/ROT_FRONT.PDF	/politparty/finance/svodn_otchet15/ROT_FRONT.doc
2015	42.	Всероссийская политическая партия «ПАРТИЯ ДЕЛА»	 22.03.2016 	/politparty/finance/svodn_otchet15/PARTIYA_DELA.PDF	/politparty/finance/svodn_otchet15/PARTIYA_DELA.doc
2015	43.	Политическая партия «НАЦИОНАЛЬНОЙ БЕЗОПАСНОСТИ РОССИИ»	 28.03.2016 	/politparty/finance/svodn_otchet15/NACIONALNOY_BEZOPASNOSTI.PDF	/politparty/finance/svodn_otchet15/NACIONALNOY_BEZOPASNOSTI.doc
2015	44.	Всероссийская политическая партия «РОДИНА»	 01.04.2016 	/politparty/finance/svodn_otchet15/RODINA.pdf	/politparty/finance/svodn_otchet15/RODINA.doc
2015	45.	Всероссийская политическая партия «Союз Труда»	 25.03.2016 	/politparty/finance/svodn_otchet15/SOUZ_TRUDA.PDF	/politparty/finance/svodn_otchet15/SOUZ_TRUDA.doc
2015	46.	Политическая партия «Российская партия народного управления»	 31.03.2016 	/politparty/finance/svodn_otchet15/RPNU.PDF	/politparty/finance/svodn_otchet15/RPNU.doc
2015	47.	Всероссийская политическая партия «Женский Диалог»	 30.03.2016 	/politparty/finance/svodn_otchet15/ZHENSKIY_DIALOG.pdf	/politparty/finance/svodn_otchet15/ZHENSKIY_DIALOG.doc
2015	48.	Политическая партия «Рожденные в Союзе Советских Социалистических Республик»	 29.04.2016 	/politparty/finance/svodn_otchet15/ROZDENNYE_SSSR.PDF	/politparty/finance/svodn_otchet15/ROZDENNYE_SSSR.doc
2015	49.	Всероссийская политическая партия «Партия Возрождения Села»	 31.03.2016 	/politparty/finance/svodn_otchet15/VOZROZDENIYA_SELA.PDF	/politparty/finance/svodn_otchet15/VOZROZDENIYA_SELA.doc
2015	50.	Всероссийская политическая партия «ЗАЩИТНИКИ ОТЕЧЕСТВА»	 31.03.2016 	/politparty/finance/svodn_otchet15/ZASCHITNIKI_OTECHESTVA.PDF	/politparty/finance/svodn_otchet15/ZASCHITNIKI_OTECHESTVA.doc
2015	51.	Политическая партия «Казачья партия Российской Федерации»	 22.03.2016 	/politparty/finance/svodn_otchet15/KAZAKI.PDF	/politparty/finance/svodn_otchet15/KAZAKI.doc
2015	52.	Общероссийская политическая партия «РАЗВИТИЕ РОССИИ»	 24.03.2016 	/politparty/finance/svodn_otchet15/RAZVITIE_ROSSII.PDF	/politparty/finance/svodn_otchet15/RAZVITIE_ROSSII.doc
2015	53.	Политическая партия «Объединенная аграрно-промышленная партия России»	 31.03.2016 	/politparty/finance/svodn_otchet15/OAPPR.PDF	/politparty/finance/svodn_otchet15/OAPPR.doc
2015	54.	Политическая партия «Демократическая правовая Россия»	 22.03.2016 	/politparty/finance/svodn_otchet15/DEM_PRAVOVAYA.PDF	/politparty/finance/svodn_otchet15/DEM_PRAVOVAYA.doc
2015	55.	Политическая партия «Партия СОЦИАЛЬНОЙ СОЛИДАРНОСТИ»	 01.04.2016 	/politparty/finance/svodn_otchet15/SOCIALNOY_SOLIDARNOSTI.PDF	/politparty/finance/svodn_otchet15/SOCIALNOY_SOLIDARNOSTI.doc
2015	56.	Политическая партия «Общероссийская политическая партия «ДОСТОИНСТВО»	 28.03.2016 	/politparty/finance/svodn_otchet15/DOSTOINSTVO.PDF	/politparty/finance/svodn_otchet15/DOSTOINSTVO.doc
2015	57.	Всероссийская политическая партия «Партия Великое Отечество»	 01.04.2016 	/politparty/finance/svodn_otchet15/VELIKOE_OTECHESTVO.PDF	/politparty/finance/svodn_otchet15/VELIKOE_OTECHESTVO.doc
2015	58.	Всероссийская политическая партия «Российская партия садоводов»	 25.03.2016 	/politparty/finance/svodn_otchet15/SADOVODOV.PDF	/politparty/finance/svodn_otchet15/SADOVODOV.doc
2015	59.	Политическая партия «Гражданская Позиция»	 01.04.2016 	/politparty/finance/svodn_otchet15/GRAZD_POZICIYA.PDF	/politparty/finance/svodn_otchet15/GRAZD_POZICIYA.doc
2015	60.	Всероссийская политическая партия «Гражданская инициатива»	 28.03.2016 	/politparty/finance/svodn_otchet15/GRAZD_INICIATIVA.PDF	/politparty/finance/svodn_otchet15/GRAZD_INICIATIVA.doc
2015	61.	Политическая партия «Партия Возрождения России»	 01.04.2016 	/politparty/finance/svodn_otchet15/VOZROZHDENIA_ROSSII.PDF	/politparty/finance/svodn_otchet15/VOZROZHDENIA_ROSSII.doc
2015	62.	Политическая партия «Национальный курс»	 28.03.2016 	/politparty/finance/svodn_otchet15/NACIONALNY_KURS.PDF	/politparty/finance/svodn_otchet15/NACIONALNY_KURS.doc
2015	63.	Всероссийская политическая партия «Автомобильная Россия»	 25.04.2016 	/politparty/finance/svodn_otchet15/AVTO_ROSSIA.PDF	/politparty/finance/svodn_otchet15/AVTO_ROSSIA.doc
2015	64.	Общероссийская политическая партия «НАРОД ПРОТИВ КОРРУПЦИИ»	 01.04.2016 	/politparty/finance/svodn_otchet15/NAROD_PROTIV_KORRUPCII.PDF	/politparty/finance/svodn_otchet15/NAROD_PROTIV_KORRUPCII.doc
2015	65.	Политическая партия «Родная партия»	 28.03.2016 	/politparty/finance/svodn_otchet15/RODNAYA_PARTIYA.PDF	/politparty/finance/svodn_otchet15/RODNAYA_PARTIYA.doc
2015	66.	Политическая партия «Партия защиты бизнеса и предпринимательства»	 01.04.2016 	/politparty/finance/svodn_otchet15/ZASCHITA_BIZNESA.PDF	/politparty/finance/svodn_otchet15/ZASCHITA_BIZNESA.doc
2015	67.	Политическая партия «Спортивная партия России «ЗДОРОВЫЕ СИЛЫ»	 25.03.2016 	/politparty/finance/svodn_otchet15/ZDOROVIE_SILY.PDF	/politparty/finance/svodn_otchet15/ZDOROVIE_SILY.doc
2015	68.	Политическая партия «Партия Человека Труда»	 01.04.2016 	/politparty/finance/svodn_otchet15/CHELOVEKA TRUDA.PDF	/politparty/finance/svodn_otchet15/CHELOVEKA TRUDA.doc
2015	69.	Политическая партия «ПАРТИЯ СОЦИАЛЬНЫХ РЕФОРМ»	 28.03.2016 	/politparty/finance/svodn_otchet15/SOCIALNYH_REFORM.PDF	/politparty/finance/svodn_otchet15/SOCIALNYH_REFORM.doc
2015	70.	Всероссийская политическая партия «ИНТЕРНАЦИОНАЛЬНАЯ ПАРТИЯ РОССИИ»	 21.01.2016 	/politparty/finance/svodn_otchet15/INTERNACIONALNAYA.PDF	/politparty/finance/svodn_otchet15/INTERNACIONALNAYA.doc
2015	71.	Политическая партия «Объединенная партия людей ограниченной трудоспособности России»	 01.04.2016 	/politparty/finance/svodn_otchet15/OPLOT.PDF	/politparty/finance/svodn_otchet15/OPLOT.doc
2015	72.	Общественная организация - Политическая партия «Добрых дел, защиты детей, женщин, свободы, природы и пенсионеров»	 28.03.2016 	/politparty/finance/svodn_otchet15/DOBRIH DEL.PDF	/politparty/finance/svodn_otchet15/DOBRIH DEL.doc
2015	73.	Общественная организация - Политическая партия «Возрождение аграрной России»	 30.03.2016 	/politparty/finance/svodn_otchet15/VOZROZDENIE_AGRARNOY.PDF	/politparty/finance/svodn_otchet15/VOZROZDENIE_AGRARNOY.doc
2015	74.	Общественная организация - Политическая партия «Партия Поддержки»	 28.03.2016 	/politparty/finance/svodn_otchet15/PODDERZHKI.PDF	/politparty/finance/svodn_otchet15/PODDERZHKI.doc
2015	75.	Общественная организация - Политическая партия «ПАРТИЯ РОДИТЕЛЕЙ БУДУЩЕГО»	 31.03.2016 	/politparty/finance/svodn_otchet15/RODITELEY_BUDUSHCEGO.PDF	/politparty/finance/svodn_otchet15/RODITELEY_BUDUSHCEGO.doc
2015	76.	Всероссийская политическая партия «ПАРТИЯ ПРОФЕССИОНАЛОВ»	 н/п 		
2014	1.	Всероссийская   политическая партия «ЕДИНАЯ РОССИЯ»	 01.04.2015 	/politparty/finance/svodn_otchet_14/EDINAYA.pdf	/politparty/finance/svodn_otchet_14/EDINAYA.doc
2014	2.	Политическая партия «КОММУНИСТИЧЕСКАЯ   ПАРТИЯ РОССИЙСКОЙ ФЕДЕРАЦИИ»	 31.03.2015 	/politparty/finance/svodn_otchet_14/KPRF.PDF	/politparty/finance/svodn_otchet_14/KPRF.doc
2014	3.	Политическая партия ЛДПР	 31.03.2015 	/politparty/finance/svodn_otchet_14/LDPR.PDF	/politparty/finance/svodn_otchet_14/LDPR.doc
2014	4.	Политическая партия   «ПАТРИОТЫ РОССИИ»	 30.03.2015 	/politparty/finance/svodn_otchet_14/PATRIOTY.pdf	/politparty/finance/svodn_otchet_14/PATRIOTY.doc
2014	5.	Политическая партия   «Российская объединенная демократическая партия «ЯБЛОКО»	 31.03.2015 	/politparty/finance/svodn_otchet_14/YABLOKO.PDF	/politparty/finance/svodn_otchet_14/YABLOKO.doc
2014	6.	Политическая партия   СПРАВЕДЛИВАЯ РОССИЯ	 31.03.2015 	/politparty/finance/svodn_otchet_14/SPAVEDLIVAYA.pdf	/politparty/finance/svodn_otchet_14/SPAVEDLIVAYA.doc
2014	7.	Всероссийская   политическая партия «ПРАВОЕ ДЕЛО»	 01.04.2015 	/politparty/finance/svodn_otchet_14/PRAVOE_DELO.PDF	/politparty/finance/svodn_otchet_14/PRAVOE_DELO.doc
2014	8.	Политическая партия   «Республиканская партия России – Партия народной свободы»	 30.03.2015 	/politparty/finance/svodn_otchet_14/RPR-PARNAS.PDF	/politparty/finance/svodn_otchet_14/RPR-PARNAS.doc
2014	9.	Политическая партия   «Демократическая партия России»	 31.03.2015 	/politparty/finance/svodn_otchet_14/DEMOKRATICHESKAYA_PARTIYA.pdf	/politparty/finance/svodn_otchet_14/DEMOKRATICHESKAYA_PARTIYA.doc
2014	10.	Общероссийская   политическая партия «Народная партия «За женщин России»	 31.03.2015 	/politparty/finance/svodn_otchet_14/ZA_ZHENSCHIN.pdf	/politparty/finance/svodn_otchet_14/ZA_ZHENSCHIN.doc
2014	11.	Народная политическая   партия «АЛЬЯНС ЗЕЛЕНЫХ И СОЦИАЛ-ДЕМОКРАТОВ»	 30.03.2015 	/politparty/finance/svodn_otchet_14/ALLIANCE_ZELENYH.pdf	/politparty/finance/svodn_otchet_14/ALLIANCE_ZELENYH.doc
2014	12.	Политическая партия «Союз   Горожан»	 31.03.2015 	/politparty/finance/svodn_otchet_14/SOIUZ_GOROZHAN.pdf	/politparty/finance/svodn_otchet_14/SOIUZ_GOROZHAN.doc
2014	13.	Всероссийская   политическая партия «Народная партия России»	 31.03.2015 	/politparty/finance/svodn_otchet_14/NARODNAYA_PARTIYA.pdf	/politparty/finance/svodn_otchet_14/NARODNAYA_PARTIYA.doc
2014	14.	Всероссийская   политическая партия «Социал-демократическая партия России»	 31.03.2015 	/politparty/finance/svodn_otchet_14/SOCIAL-DEMOKRATICHESKAYA.pdf	/politparty/finance/svodn_otchet_14/SOCIAL-DEMOKRATICHESKAYA.doc
2014	15.	Политическая партия КОММУНИСТИЧЕСКАЯ   ПАРТИЯ СОЦИАЛЬНОЙ СПРАВЕДЛИВОСТИ	 31.03.2015 	/politparty/finance/svodn_otchet_14/KPSS.pdf	/politparty/finance/svodn_otchet_14/KPSS.doc
2014	16.	Всероссийская   политическая партия «Партия пенсионеров России»	 01.04.2015 	/politparty/finance/svodn_otchet_14/PENSIONEROV_ROSSII.pdf	/politparty/finance/svodn_otchet_14/PENSIONEROV_ROSSII.doc
2014	17.	Политическая партия   «Города России»	 01.04.2015 	/politparty/finance/svodn_otchet_14/GORODA_ROSSII.PDF	/politparty/finance/svodn_otchet_14/GORODA_ROSSII.doc
2014	18.	Политическая партия   «Молодая Россия»	 01.04.2015 	/politparty/finance/svodn_otchet_14/MOLODAYA.pdf	/politparty/finance/svodn_otchet_14/MOLODAYA.doc
2014	19.	Всероссийская   политическая партия «Новая Россия»	 30.03.2015 	/politparty/finance/svodn_otchet_14/NOVAYA_ROSSIYA.pdf	/politparty/finance/svodn_otchet_14/NOVAYA_ROSSIYA.doc
2014	20.	Всероссийская   политическая партия «Партия свободных граждан»	 30.03.2015 	/politparty/finance/svodn_otchet_14/SVOBODNYH_GRAZDAN.pdf	/politparty/finance/svodn_otchet_14/SVOBODNYH_GRAZDAN.doc
2014	21.	Политическая партия   «Российская экологическая партия «Зелёные»	 31.03.2015 	/politparty/finance/svodn_otchet_14/REP_ZELENYE.pdf	/politparty/finance/svodn_otchet_14/REP_ZELENYE.doc
2014	22.	Политическая партия КОММУНИСТИЧЕСКАЯ ПАРТИЯ КОММУНИСТЫ РОССИИ	 31.03.2015 	/politparty/finance/svodn_otchet_14/KOMMUNISTY_ROSSII.pdf	/politparty/finance/svodn_otchet_14/KOMMUNISTY_ROSSII.doc
2014	23.	Всероссийская   политическая партия «Аграрная партия России»	 01.04.2015 	/politparty/finance/svodn_otchet_14/APR.PDF	/politparty/finance/svodn_otchet_14/APR.doc
2014	24.	Политическая партия   «Российский общенародный союз»	 01.04.2015 	/politparty/finance/svodn_otchet_14/ROS.PDF	/politparty/finance/svodn_otchet_14/ROS.doc
2014	25.	Всероссийская   политическая партия ПАРТИЯ ЗА СПРАВЕДЛИВОСТЬ!	 17.03.2015 	/politparty/finance/svodn_otchet_14/ZA_SPRAVEDLIVOST.pdf	/politparty/finance/svodn_otchet_14/ZA_SPRAVEDLIVOST.doc
2014	26.	Политическая партия   СОЦИАЛЬНОЙ ЗАЩИТЫ	 17.03.2015 	/politparty/finance/svodn_otchet_14/SOCIALNOY_ZASCHITY.PDF	/politparty/finance/svodn_otchet_14/SOCIALNOY_ZASCHITY.doc
2014	27.	Обществанная организация   Всероссийская политическая партия «Гражданская Сила»	 01.04.2015 	/politparty/finance/svodn_otchet_14/GRAZHD_SILA.pdf	/politparty/finance/svodn_otchet_14/GRAZHD_SILA.doc
2014	28.	Политическая партия   «Российская партия пенсионеров за справедливость»	 31.03.2015 	/politparty/finance/svodn_otchet_14/PENSIONEROV_SPRAVEDLIVOST.pdf	/politparty/finance/svodn_otchet_14/PENSIONEROV_SPRAVEDLIVOST.doc
2014	29.	Всероссийская   политическая партия «НАРОДНЫЙ АЛЬЯНС»	 31.03.2015 	/politparty/finance/svodn_otchet_14/NARODNY_ALLIANCE.PDF	/politparty/finance/svodn_otchet_14/NARODNY_ALLIANCE.doc
2014	30.	Политическая партия   «Монархическая партия»	 30.03.2015 	/politparty/finance/svodn_otchet_14/MONARHICHESKAYA.pdf	/politparty/finance/svodn_otchet_14/MONARHICHESKAYA.doc
2014	31.	Российская политическая   Партия Мира и Единства	 30.03.2015 	/politparty/finance/svodn_otchet_14/MIRA_EDINSTVA.pdf	/politparty/finance/svodn_otchet_14/MIRA_EDINSTVA.doc
2014	32.	Политическая партия   «Гражданская Платформа»	 01.04.2015 	/politparty/finance/svodn_otchet_14/GRAZHD_PLATFORMA.pdf	/politparty/finance/svodn_otchet_14/GRAZHD_PLATFORMA.doc
2014	33.	Всероссийская   политическая партия «ЧЕСТНО» /Человек. Справедливость. Ответственность/»	 30.03.2015 	/politparty/finance/svodn_otchet_14/CHESTNO.pdf	/politparty/finance/svodn_otchet_14/CHESTNO.doc
2014	34.	Политическая партия   «Партия налогоплательщиков России»	 01.04.2015 	/politparty/finance/svodn_otchet_14/NALOGOPLATELSCHIKOV.pdf	/politparty/finance/svodn_otchet_14/NALOGOPLATELSCHIKOV.doc
2014	35.	Политическая партия   «Демократический выбор»	 27.03.2015 	/politparty/finance/svodn_otchet_14/DEM_VYBOR.PDF	/politparty/finance/svodn_otchet_14/DEM_VYBOR.doc
2014	36.	Общероссийская   политическая партия «ВОЛЯ»	 01.04.2015 	/politparty/finance/svodn_otchet_14/VOLYA.PDF	/politparty/finance/svodn_otchet_14/VOLYA.doc
2014	37.	Политическая партия   «Трудовая партия России»	 30.03.2015 	/politparty/finance/svodn_otchet_14/TRUDOVAYA.pdf	/politparty/finance/svodn_otchet_14/TRUDOVAYA.doc
2014	38.	Политическая партия   «Против всех»	 31.03.2015 	/politparty/finance/svodn_otchet_14/PROTIV_VSEH.pdf	/politparty/finance/svodn_otchet_14/PROTIV_VSEH.doc
2014	39.	Политическая партия   «Российская Социалистическая партия»	 09.04.2015 	/politparty/finance/svodn_otchet_14/SOCIALISTICHESKAYA.pdf	/politparty/finance/svodn_otchet_14/SOCIALISTICHESKAYA.doc
2014	40.	Политическая партия   «Партия Духовного Преображения России»	 30.03.2015 	/politparty/finance/svodn_otchet_14/DUHOVN_PREOBRAZH.pdf	/politparty/finance/svodn_otchet_14/DUHOVN_PREOBRAZH.doc
2014	41.	Политическая партия   «ПАРТИЯ ВЕТЕРАНОВ РОССИИ»	 01.04.2015 	/politparty/finance/svodn_otchet_14/VETERANOV_ROSSII.pdf	/politparty/finance/svodn_otchet_14/VETERANOV_ROSSII.doc
2014	42.	Политическая партия   «Российский Объединённый Трудовой Фронт»	 25.03.2015 	/politparty/finance/svodn_otchet_14/ROT_FRONT.pdf	/politparty/finance/svodn_otchet_14/ROT_FRONT.doc
2014	43.	Всероссийская политическая   партия «ПАРТИЯ ДЕЛА»	 30.03.2015 	/politparty/finance/svodn_otchet_14/PARTIYA_DELA.pdf	/politparty/finance/svodn_otchet_14/PARTIYA_DELA.doc
2014	44.	Политическая партия   «НАЦИОНАЛЬНОЙ БЕЗОПАСНОСТИ РОССИИ»	 31.03.2015 	/politparty/finance/svodn_otchet_14/NACIONALNOY_BEZOPASNOSTI.pdf	/politparty/finance/svodn_otchet_14/NACIONALNOY_BEZOPASNOSTI.doc
2014	45.	Всероссийская политическая   партия «РОДИНА»	 01.04.2015 	/politparty/finance/svodn_otchet_14/RODINA.PDF	/politparty/finance/svodn_otchet_14/RODINA.doc
2014	46.	Всероссийская   политическая партия «Союз Труда»	 27.03.2015 	/politparty/finance/svodn_otchet_14/SOIUZ_TRUDA.pdf	/politparty/finance/svodn_otchet_14/SOIUZ_TRUDA.doc
2014	47.	Политическая партия   «Российская партия народного управления»	 01.04.2015 	/politparty/finance/svodn_otchet_14/RPNU.pdf	/politparty/finance/svodn_otchet_14/RPNU.doc
2014	48.	Всероссийская   политическая партия «Женский Диалог»	 25.03.2015 	/politparty/finance/svodn_otchet_14/ZHENSKIY_DIALOG.pdf	/politparty/finance/svodn_otchet_14/ZHENSKIY_DIALOG.doc
2014	49.	Политическая партия   «Рожденные в Союзе Советских Социалистических Республик»	 30.03.2015 	/politparty/finance/svodn_otchet_14/ROZDENNYE_SSSR.pdf	/politparty/finance/svodn_otchet_14/ROZDENNYE_SSSR.doc
2014	50.	Всероссийская   политическая партия «Партия Возрождения Села»	 26.03.2015 	/politparty/finance/svodn_otchet_14/VOZROZDENIYA_SELA.pdf	/politparty/finance/svodn_otchet_14/VOZROZDENIYA_SELA.doc
2014	51.	Всероссийская   политическая партия «ЗАЩИТНИКИ ОТЕЧЕСТВА»	 31.03.2015 	/politparty/finance/svodn_otchet_14/ZASCHITNIKI_OTECHESTVA.pdf	/politparty/finance/svodn_otchet_14/ZASCHITNIKI_OTECHESTVA.doc
2014	52.	Политическая партия   «Казачья партия Российской Федерации»	 30.03.2015 	/politparty/finance/svodn_otchet_14/KAZAKI.pdf	/politparty/finance/svodn_otchet_14/KAZAKI.doc
2014	53.	Общероссийская   политическая партия «РАЗВИТИЕ РОССИИ»	 25.03.2015 	/politparty/finance/svodn_otchet_14/RAZVITIE_ROSSII.pdf	/politparty/finance/svodn_otchet_14/RAZVITIE_ROSSII.doc
2014	54.	Политическая партия   «Объединенная аграрно-промышленная партия России»	 31.03.2015 	/politparty/finance/svodn_otchet_14/OAPPR.pdf	/politparty/finance/svodn_otchet_14/OAPPR.doc
2014	55.	Политическая партия   «Демократическая правовая Россия»	 31.03.2015 	/politparty/finance/svodn_otchet_14/DEM_PRAVOVAYA.pdf	/politparty/finance/svodn_otchet_14/DEM_PRAVOVAYA.doc
2014	56.	Политическая партия   «Партия СОЦИАЛЬНОЙ СОЛИДАРНОСТИ»	 30.03.2015 	/politparty/finance/svodn_otchet_14/SOCIALNOY_SOLIDARNOSTI.pdf	/politparty/finance/svodn_otchet_14/SOCIALNOY_SOLIDARNOSTI.doc
2014	57.	Политическая партия   «Общероссийская политическая партия «ДОСТОИНСТВО»	 31.03.2015 	/politparty/finance/svodn_otchet_14/DOSTOINSTVO.pdf	/politparty/finance/svodn_otchet_14/DOSTOINSTVO.doc
2014	58.	Всероссийская   политическая партия «Партия Великое Отечество»	 30.03.2015 	/politparty/finance/svodn_otchet_14/VELIKOE_OTECHESTVO.pdf	/politparty/finance/svodn_otchet_14/VELIKOE_OTECHESTVO.doc
2014	59.	Всероссийская   политическая партия «Российская партия садоводов»	 31.03.2015 	/politparty/finance/svodn_otchet_14/SADOVODOV.pdf	/politparty/finance/svodn_otchet_14/SADOVODOV.doc
2014	60.	Политическая партия   «Гражданская Позиция»	 31.03.2015 	/politparty/finance/svodn_otchet_14/GRAZD_POZICIYA.pdf	/politparty/finance/svodn_otchet_14/GRAZD_POZICIYA.doc
2014	61.	Всероссийская   политическая партия «Гражданская инициатива»	 27.03.2015 	/politparty/finance/svodn_otchet_14/GRAZD_INICIATIVA.pdf	/politparty/finance/svodn_otchet_14/GRAZD_INICIATIVA.doc
2014	62.	Политическая партия   «Партия Возрождения России»	 01.04.2015 	/politparty/finance/svodn_otchet_14/VOZROZHDENIA_ROSSII.pdf	/politparty/finance/svodn_otchet_14/VOZROZHDENIA_ROSSII.doc
2014	63.	Политическая партия   «Национальный курс»	 31.03.2015 	/politparty/finance/svodn_otchet_14/NACIONALNY_KURS.pdf	/politparty/finance/svodn_otchet_14/NACIONALNY_KURS.doc
2014	64.	Всероссийская   политическая партия «Автомобильная Россия»	 31.03.2015 	/politparty/finance/svodn_otchet_14/AVTO_ROSSIA.PDF	/politparty/finance/svodn_otchet_14/AVTO_ROSSIA.doc
2014	65.	Общероссийская   политическая партия «НАРОД ПРОТИВ КОРРУПЦИИ»	 12.02.2015 	/politparty/finance/svodn_otchet_14/NAROD_PROTIV_KORRUPCII.pdf	/politparty/finance/svodn_otchet_14/NAROD_PROTIV_KORRUPCII.doc
2014	66.	Политическая партия   «Родная партия»	 31.03.2015 	/politparty/finance/svodn_otchet_14/RODNAYA_PARTIYA.pdf	/politparty/finance/svodn_otchet_14/RODNAYA_PARTIYA.doc
2014	67.	Политическая партия   «Партия защиты бизнеса и предпринимательства»	 30.03.2015 	/politparty/finance/svodn_otchet_14/ZASCHITA_BIZNESA.pdf	/politparty/finance/svodn_otchet_14/ZASCHITA_BIZNESA.doc
2014	68.	Политическая партия   «Спортивная партия России «ЗДОРОВЫЕ СИЛЫ»	 30.03.2015 	/politparty/finance/svodn_otchet_14/ZDOROVIE_SILY.pdf	/politparty/finance/svodn_otchet_14/ZDOROVIE_SILY.doc
2014	69.	Политическая партия   «Партия Человека Труда»	 30.03.2015 	/politparty/finance/svodn_otchet_14/CHELOVEKA_TRUDA.pdf	/politparty/finance/svodn_otchet_14/CHELOVEKA_TRUDA.doc
2014	70.	Политическая партия   «ПАРТИЯ ПРОГРЕССА»	 31.03.2015 	/politparty/finance/svodn_otchet_14/PROGRESSA.pdf	/politparty/finance/svodn_otchet_14/PROGRESSA.doc
2014	71.	Политическая партия   «ПАРТИЯ СОЦИАЛЬНЫХ РЕФОРМ»	 31.03.2015 	/politparty/finance/svodn_otchet_14/SOCIALNYH_REFORM.pdf	/politparty/finance/svodn_otchet_14/SOCIALNYH_REFORM.doc
2014	72.	Всероссийская   политическая партия «ИНТЕРНАЦИОНАЛЬНАЯ ПАРТИЯ РОССИИ»	 27.03.2015 	/politparty/finance/svodn_otchet_14/INTERNACIONALNAYA.pdf	/politparty/finance/svodn_otchet_14/INTERNACIONALNAYA.doc
2014	73.	Политическая партия   «Объединенная партия людей ограниченной трудоспособности России»	 24.03.2015 	/politparty/finance/svodn_otchet_14/OPLOT.PDF	/politparty/finance/svodn_otchet_14/OPLOT.doc
2014	74.	Общественная организация   - Политическая партия «Добрых дел, защиты детей, женщин, свободы, природы и   пенсионеров»	 07.04.2015 	/politparty/finance/svodn_otchet_14/DOBRIH_DEL.pdf	/politparty/finance/svodn_otchet_14/DOBRIH_DEL.doc
2012	1.	Всероссийская политическая партия    «ЕДИНАЯ РОССИЯ»	 25.03.2013 	/politparty/finance/party/SFO_Edn_Rossia.PDF	/politparty/finance/party/info_edn_rossia.doc
2012	2.	Политическая партия ЛДПР	 28.03.2013 	/politparty/finance/party/SFO_LDPR.PDF	/politparty/finance/party/info_ldpr.doc
2012	3.	Всероссийская политическая партия    «ПРАВОЕ ДЕЛО»	 28.03.2013 	/politparty/finance/party/SFO_Prav_delo.PDF	/politparty/finance/party/info_prav_delo.doc
2012	4.	Политическая партия СПРАВЕДЛИВАЯ    РОССИЯ	 01.04.2013 	/politparty/finance/party/DOC119.PDF	/politparty/finance/party/info_spraved_rossia.doc
2012	5.	Политическая партия «Республиканская партия России–Партия народной свободы»	 28.03.2013 	/politparty/finance/party/SFO_RPR-PARNAS.PDF	/politparty/finance/party/info_rpr-parnas.doc
2012	6.	Политическая партия «ПАТРИОТЫ РОССИИ»	 29.03.2013 	/politparty/finance/party/DOC122.PDF	/politparty/finance/party/patriots.doc
2012	7.	Политическая партия «КОММУНИСТИЧЕСКАЯ ПАРТИЯ РОССИЙСКОЙ ФЕДЕРАЦИИ»	 28.03.2013 	/politparty/finance/party/DOC124.PDF	/politparty/finance/party/kprf.doc
2012	8.	Политическая партия «Российская объединенная демократическая партия «ЯБЛОКО»	 29.03.2013 	/politparty/finance/party/DOC127.PDF	/politparty/finance/party/apple.doc
2011	1.	Всероссийская политическая партия    «Единая Россия»	 28.03.2012 	/politparty/finance/2011/edros.PDF	/politparty/finance/2011/inf_edro.doc
2011	2.	Политическая партия    «Коммунистическая партия Российской Федерации»	 30.03.2012 	/politparty/finance/2011/kprf.PDF	/politparty/finance/2011/inf_kprf.doc
2011	3.	Либерально-демократическая партия    России	 23.03.2012 	/politparty/finance/2011/ldpr.PDF	/politparty/finance/2011/inf_ldpr.doc
2011	4.	Политическая партия «Патриоты    России»	 30.03.2012 	/politparty/finance/2011/patrioty.PDF	/politparty/finance/2011/inf_patriot.doc
2011	5.	Всероссийская политическая партия    «ПРАВОЕ ДЕЛО»	 30.03.2012 	/politparty/finance/2011/pravoedelo.PDF	/politparty/finance/2011/inf_pravoedelo.doc
2011	6.	Политическая партия «СПРАВЕДЛИВАЯ    РОССИЯ»	 30.03.2012 	/politparty/finance/2011/spravedros.PDF	/politparty/finance/2011/inf_spraved.doc
2011	7.	«Российская объединенная    демократическая партия «ЯБЛОКО»	 30.03.2012 	/politparty/finance/2011/yabloko.PDF	/politparty/finance/2011/inf_jabloko.doc
2010	1.	Всероссийская политическая партия «Единая Россия»	 30.03.2011 	/politparty/finance/2010/2010_er.PDF	/politparty/finance/2010/EdRoss.doc
2010	2.	Политическая партия «Коммунистическая партия Российской Федерации»	 30.03.2011 	/politparty/finance/2010/2010_kprf.PDF	/politparty/finance/2010/kprf.doc
2010	3.	Либерально-демократическая партия России	 30.03.2011 	/politparty/finance/2010/2010_ldpr.PDF	/politparty/finance/2010/ldpr.doc
2010	4.	Политическая партия «Патриоты России»	 31.03.2011 	/politparty/finance/2010/2010_pr.PDF	/politparty/finance/2010/PR.doc
2010	5.	Всероссийская политическая партия «ПРАВОЕ ДЕЛО»	 22.03.2011 	/politparty/finance/2010/2010_pd.PDF	/politparty/finance/2010/PD.doc
2010	6.	Политическая партия «СПРАВЕДЛИВАЯ РОССИЯ»	 31.03.2011 	/politparty/finance/2010/2010_sr.PDF	/politparty/finance/2010/SpravRoss.doc
2010	7.	«Российская объединенная демократическая партия «ЯБЛОКО»	 31.03.2011 	/politparty/finance/2010/2010_yabloko.PDF	/politparty/finance/2010/jabloko.doc
2009	1.	Всероссийская    политическая партия «Единая Россия»	 31.03.2010 г. 	/politparty/finance/svodn_otchet_09/ed_ros.pdf	/politparty/finance/svodn_otchet_09/ed_ros.doc
2009	2.	Политическая    партия «Коммунистическая партия Российской Федерации»	 30.03.2010 г. 	/politparty/finance/svodn_otchet_09/kprf.pdf	/politparty/finance/svodn_otchet_09/kprf.doc
2009	3.	Либерально-демократическая    партия России	 29.03.2010 г. 	/politparty/finance/svodn_otchet_09/ldpr.pdf	/politparty/finance/svodn_otchet_09/ldpr.doc
2009	4.	Политическая    партия «Патриоты России»	 30.03.2010 г. 	/politparty/finance/svodn_otchet_09/patrioty.pdf	/politparty/finance/svodn_otchet_09/patrioty.doc
2009	5.	Всероссийская    политическая партия «ПРАВОЕ ДЕЛО»	 31.03.2009 г. 	/politparty/finance/svodn_otchet_09/pravoe_delo.pdf	/politparty/finance/svodn_otchet_09/pravoe_delo.doc
2009	6.	Политическая    партия «СПРАВЕДЛИВАЯ РОССИЯ»	 30.03.2010 г. 	/politparty/finance/svodn_otchet_09/sprav_ros.pdf	/politparty/finance/svodn_otchet_09/sprav_ros.doc
2009	7.	«Российская    объединенная демократическая партия «ЯБЛОКО»	 26.03.2010 г. 	/politparty/finance/svodn_otchet_09/apple.pdf	/politparty/finance/svodn_otchet_09/apple.doc
2008	1.	Всероссийская политическая партия «Единая Россия»	 30.03.2009 	/politparty/finance/2008/ed.pdf	/politparty/finance/2008/2008_ed.doc
2008	2.	Либерально-демократическая партия России	 25.03.2009 	/politparty/finance/2008/ldpr.pdf	/politparty/finance/2008/2008_ldpr.doc
2008	3.	Политическая партия «Коммунистическая партия Российской Федерации»	 30.03.2009 	/politparty/finance/2008/kprf.pdf	/politparty/finance/2008/2008_kprf.doc
2008	4.	Политическая партия «Патриоты России»	 28.03.2009 	/politparty/finance/2008/patriot.pdf	/politparty/finance/2008/2008_patriot.doc
2008	5.	Политическая партия «СПРАВЕДЛИВАЯ РОССИЯ:  РОДИНА/ПЕНСИОНЕРЫ/ЖИЗНЬ»	 25.03.2009 	/politparty/finance/2008/spravedliv.pdf	/politparty/finance/2008/2008_spravedliv.doc
2008	6.	«Российская объединенная демократическая партия «ЯБЛОКО»	 23.03.2009 	/politparty/finance/2008/iabloko.pdf	/politparty/finance/2008/2008_iabloko.doc
2007	1.	Политическая партия «Аграрная партия России»	 31.03.2008 	/politparty/finance/2007/apr.pdf	/politparty/finance/2007/svodn_otchet_07_p01.doc
2007	2.	Всероссийская политическая партия "Гражданская сила"	 24.03.2008 	/politparty/finance/2007/gs.pdf	/politparty/finance/2007/svodn_otchet_07_p02.doc
2007	3.	Демократическая партия России	 28.03.2008 	/politparty/finance/2007/dpr.pdf	/politparty/finance/2007/svodn_otchet_07_p03.doc
2007	4.	Всероссийская политическая партия «Единая Россия»	 31.03.2008 	/politparty/finance/2007/er.pdf	/politparty/finance/2007/svodn_otchet_07_p04.doc
2007	5.	Политическая партия “Российская экологическая партия “Зеленые”	 19.03.2008 	/politparty/finance/2007/repz.pdf	/politparty/finance/2007/svodn_otchet_07_p05.doc
2007	6.	Политическая партия «Коммунистическая партия Российской Федерации»	 28.03.2008 	/politparty/finance/2007/kprf.pdf	/politparty/finance/2007/svodn_otchet_07_p06.doc
2007	7.	Либерально-демократическая партия России	 28.03.2008 	/politparty/finance/2007/ldpr.pdf	/politparty/finance/2007/svodn_otchet_07_p07.doc
2007	8.	Политическая партия "Народный союз"	 28.03.2008 	/politparty/finance/2007/ns.pdf	/politparty/finance/2007/svodn_otchet_07_p08.doc
2007	9.	Политическая партия «ПАРТИЯ ВОЗРОЖДЕНИЯ РОССИИ»	 29.03.2008 	/politparty/finance/2007/pvr.pdf	/politparty/finance/2007/svodn_otchet_07_p09.doc
2007	10.	Российская политическая партия Мира и Единства	 31.03.2008 	/politparty/finance/2007/rppme.pdf	/politparty/finance/2007/svodn_otchet_07_p10.doc
2007	11.	Политическая партия «Партия социальной справедливости»	 31.03.2008 	/politparty/finance/2007/pss.pdf	/politparty/finance/2007/svodn_otchet_07_p11.doc
2007	12.	Политическая партия «ПАТРИОТЫ РОССИИ»	 31.03.2008 	/politparty/finance/2007/pr.pdf	/politparty/finance/2007/svodn_otchet_07_p12.doc
2007	13.	Политическая партия «СПРАВЕДЛИВАЯ РОССИЯ: РОДИНА/ПЕНСИОНЕРЫ/ЖИЗНЬ»	 25.03.2008 	/politparty/finance/2007/sr.pdf	/politparty/finance/2007/svodn_otchet_07_p13.doc
2007	14.	Политическая партия «СОЮЗ ПРАВЫХ СИЛ»	 26.03.2008 	/politparty/finance/2007/sps.pdf	/politparty/finance/2007/svodn_otchet_07_p14.doc
2007	15.	«Российская объединенная демократическая партия «ЯБЛОКО»	 27.03.2008 	/politparty/finance/2007/rodpy.pdf	/politparty/finance/2007/svodn_otchet_07_p15.doc
2006	1.	Политическая партия «Аграрная партия России»	 28.03.2007 	/politparty/finance/2006/agrar.pdf	/politparty/finance/2006/p12.doc
2006	2.	Демократическая партия России	 30.03.2007 	/politparty/finance/2006/demokrat.pdf	/politparty/finance/2006/p2.doc
2006	3.	Всероссийская политическая партия «Единая Россия»	 30.03.2007 	/politparty/finance/2006/edinaya_rossia.pdf	/politparty/finance/2006/p3.doc
2006	4.	Политическая партия – Концептуальная партия «Единение»	 26.03.2007 	/politparty/finance/2006/edinenie.pdf	/politparty/finance/2006/p18.doc
2006	5.	Политическая партия “Российская экологическая партия “Зеленые”	 23.03.2007 	/politparty/finance/2006/zelenye.pdf	/politparty/finance/2006/p11.doc
2006	6.	Политическая партия «Коммунистическая партия Российской Федерации»	 28.03.2007 	/politparty/finance/2006/kprf.pdf	/politparty/finance/2006/p5.doc
2006	7.	Либерально-демократическая партия России	 02.04.2007 	/politparty/finance/2006/ldpr.pdf	/politparty/finance/2006/p7.doc
2006	8.	Политическая партия “Партия национального возрождения “Народная Воля”	 02.04.2007 	/politparty/finance/2006/narodnaya_volya.pdf	/politparty/finance/2006/p13.doc
2006	9.	Народная партия Российской Федерации	 30.03.2007 	/politparty/finance/2006/narodnaya.pdf	/politparty/finance/2006/p1.doc
2006	10.	Политическая партия «Народно-патриотическая партия России»	 14.02.2007 	/politparty/finance/2006/narodno_patriot.pdf	/politparty/finance/2006/p16.doc
2006	11.	Политическая партия «ПАРТИЯ ВОЗРОЖДЕНИЯ РОССИИ»	 19.03.2007 	/politparty/finance/2006/vozrogdeniya.pdf	/politparty/finance/2006/p20.doc
2006	12.	Российская политическая партия Мира и Единства	 30.03.2007 	/politparty/finance/2006/mira_edinstva.pdf	/politparty/finance/2006/p4.doc
2006	13.	Политическая партия «Партия социальной справедливости»	 30.03.2007 	/politparty/finance/2006/social_spravedliv.pdf	/politparty/finance/2006/p19.doc
2006	14.	Политическая партия «ПАТРИОТЫ РОССИИ»	 30.03.2007 	/politparty/finance/2006/patrioty_ros.pdf	/politparty/finance/2006/p9.doc
2006	15.	Общероссийская политическая партия «Партия развития регионов «Природа и  Общество»	 29.03.2007 	/politparty/finance/2006/priroda_obshestvo.pdf	/politparty/finance/2006/p22.doc
2006	16.	Политическая партия «Республиканская партия России»	 30.03.2007 	/politparty/finance/2006/respublicanskaya.pdf	/politparty/finance/2006/p23.doc
2006	17.	Политическая партия «Российская коммунистическая рабочая партия –  Российская партия коммунистов»	 03.04.2007, отправлено почтой 29.03.2007 	/politparty/finance/2006/rkrp.pdf	/politparty/finance/2006/p15.doc
2006	18.	Политическая партия «Свобода и Народовластие»	 06.04.2007 	/politparty/finance/2006/svoboda_narodovlastie.pdf	/politparty/finance/2006/p24.doc
2006	19.	Всероссийская политическая партия «Свободная Россия»	 15.03.2007 	/politparty/finance/2006/svobodnaya_ross.pdf	/politparty/finance/2006/p17.doc
2006	20.	Политическая партия «Социал-демократическая партия России»	 02.04.2007 	/politparty/finance/2006/social_demok.pdf	/politparty/finance/2006/p10.doc
2006	21.	Политическая партия «Социалистическая единая партия России»	 02.04.2007 	/politparty/finance/2006/socialist_edinaya.pdf	/politparty/finance/2006/p14.doc
2006	22.	Политическая партия «СПРАВЕДЛИВАЯ РОССИЯ»	 23.03.2007 	/politparty/finance/2006/spravedlivaya_ros.pdf	/politparty/finance/2006/p21.doc
2006	23.	Политическая партия «СОЮЗ ПРАВЫХ СИЛ»	 29.03.2007 	/politparty/finance/2006/sps.pdf	/politparty/finance/2006/p6.doc
2006	24.	«Российская объединенная демократическая партия «ЯБЛОКО»	 22.03.2007 	/politparty/finance/2006/yabloko.pdf	/politparty/finance/2006/p8.doc
2005	1.	Политическая партия “Свобода и Народовластие”	 13.02.2006 г. 	/politparty/finance/2005/otchet1-svnarod.zip	/politparty/finance/2005/Svoboda_narodovl.doc
2005	2.	Политическая партия “Народно-республиканская партия России”	 02.03.2006 г. 	/politparty/finance/2005/otchet1-nrpr.org.zip	/politparty/finance/2005/Narodn-respublik.doc
2005	3.	Политическая партия “Народно-патриотическая партия России”	 15.03.2006 г. 	/politparty/finance/2005/otchet1-narpatriot.zip	/politparty/finance/2005/Narodn-patriot.doc
2005	4.	Политическая партия “Российская экологическая партия “Зеленые”	 21.03.2006 г. 	/politparty/finance/2005/otchet1-greenparty.zip	/politparty/finance/2005/Zelenie.doc
2005	5.	Российская политическая партия Мира и Единства	 22.03.2006 г. 	/politparty/finance/2005/otchet1-sazhiumalatova.zip	/politparty/finance/2005/Miraedin.doc
2005	6.	Политическая партия “Евразийский Союз”	 23.03.2006 г. 	/politparty/finance/2005/otchet1-evraziarus.zip	/politparty/finance/2005/Evraz_souz.doc
2005	7.	Политическая партия “Российская партия мира”	 28.03.2006 г. 	/politparty/finance/2005/otchet1-partiamira.zip	/politparty/finance/2005/Mira.doc
2005	8.	Политическая партия “СОЮЗ ПРАВЫХ СИЛ”	 28.03.2006 г. 	/politparty/finance/2005/otchet1-sps.zip	/politparty/finance/2005/SPS.doc
2005	9.	Политическая партия “Национально-консервативная партия России”	 29.03.2006 г. 	/politparty/finance/2005/otchet1-naskons.zip	/politparty/finance/2005/Nas-konservat.doc
2005	10.	Политическая партия “Партия Возрождения России”	 29.03.2006 г. 	/politparty/finance/2005/otchet1-seleznev-inform.zip	/politparty/finance/2005/Vozrojdenia.doc
2005	11.	Политическая партия “РОДИНА”	 29.03.2006 г. 	/politparty/finance/2005/otchet1-rodina-nps.zip	/politparty/finance/2005/Rodina.doc
2005	12.	Политическая партия “Российская демократическая партия “ЯБЛОКО”	 29.03.2006 г. 	/politparty/finance/2005/otchet1-yabloko.zip	/politparty/finance/2005/Yabloko.doc
2005	13.	Всероссийская Политическая Партия “Свободная Россия”	 30.03.2006 г. 	/politparty/finance/2005/otchet1-fr1.zip	/politparty/finance/2005/SvobodnRos.doc
2005	14.	Политическая партия “Коммунистическая партия Российской  Федерации”	 30.03.2006 г. 	/politparty/finance/2005/otchet1-kprf.zip	/politparty/finance/2005/KPRF.doc
2005	15.	Политическая партия “Либерально-демократическая партия России”	 30.03.2006 г. 	/politparty/finance/2005/otchet1-ldpr.zip	/politparty/finance/2005/LDPR.doc
2005	16.	Политическая партия “Партия национального возрождения “Народная  Воля”	 30.03.2006 г. 	/politparty/finance/2005/otchet1-narodnayavolya.zip	/politparty/finance/2005/Narodn-Volya.doc
2005	17.	Политическая партия “Партия социальной справедливости”	 30.03.2006 г. 	/politparty/finance/2005/otchet1-pp-pss.zip	/politparty/finance/2005/SocSpravedl.doc
2005	18.	Политическая партия “Российская коммунистическая рабочая партия -  Российская партия коммунистов”	 30.03.2006 г. 	/politparty/finance/2005/otchet1-rkrp-rpk.zip	/politparty/finance/2005/RKRP-RPK.doc
2005	19.	Политическая партия “Российская партия ЖИЗНИ”	 30.03.2006 г. 	/politparty/finance/2005/otchet1-rpvita.zip	/politparty/finance/2005/Jizni.doc
2005	20.	Политическая партия “Российская партия пенсионеров”	 30.03.2006 г. 	/politparty/finance/2005/otchet1-rospp.zip	/politparty/finance/2005/Pensionerov.doc
2005	21.	Политическая партия “Социалистическая единая партия России”	 30.03.2006 г. 	/politparty/finance/2005/otchet1-sepr.zip	/politparty/finance/2005/Socedin.doc
2005	22.	Политическая партия “СОЦИАЛЬНОЙ ЗАЩИТЫ”	 30.03.2006 г. 	/politparty/finance/2005/otchet1-ppsz.zip	/politparty/finance/2005/SocZawiti.doc
2005	23.	Всероссийская политическая партия “Единая Россия”	 31.03.2006 г. 	/politparty/finance/2005/otchet1-edinros.zip	/politparty/finance/2005/Edinaya.doc
2005	24.	Общероссийская политическая партия “Партия развития регионов “Природа и  общество”	 31.03.2006 г. 	/politparty/finance/2005/otchet1-priroda.zip	/politparty/finance/2005/Piroda_i_obwestvo.doc
2005	25.	Политическая партия "Народная партия Российской Федерации"	 31.03.2006 г. 	/politparty/finance/2005/otchet1-narod-party.zip	/politparty/finance/2005/Narodnaya.doc
2005	26.	Политическая партия “Аграрная партия России”	 31.03.2006 г. 	/politparty/finance/2005/otchet1-agroparty.zip	/politparty/finance/2005/Agrarnaya.doc
2005	27.	Политическая партия “Республиканская партия России”	 31.03.2006 г. 	/politparty/finance/2005/otchet1-rprf.zip	/politparty/finance/2005/Respublikans.doc
2005	28.	Политическая партия “Российская объединенная промышленная  партия”	 31.03.2006 г. 	/politparty/finance/2005/otchet1-ropp.zip	/politparty/finance/2005/Obed-promish.doc
2005	29.	Политическая партия “Союз людей за образование и науку”	 31.03.2006 г. 	/politparty/finance/2005/otchet1-slon-party.zip	/politparty/finance/2005/SLON.doc
2005	30.	Политическая партия -Концептуальная партия “Единение”	 31.03.2006 г. 	/politparty/finance/2005/otchet1-kpe.zip	/politparty/finance/2005/Konseptual-edin.doc
2005	31.	Политическая партия "Демократическая партия России"	 31.03.2006 г. 	/politparty/finance/2005/otchet1-demparty.zip	/politparty/finance/2005/Demokratich_310306.doc
2005	32.	Политическая партия “ПАТРИОТЫ РОССИИ”	 03.04.2006 г. 	/politparty/finance/2005/otchet1-patriot-rus.zip	/politparty/finance/2005/Patroti.doc
2005	33.	Политическая партия “Российская Конституционно-демократическая партия”	 21.04.2006 г. 	/politparty/finance/2005/otchet1-rkdp.zip	/politparty/finance/2005/Konstit-demakrat.doc
2005	34.	Политическая партия “Развитие предпринимательства”	 03.05.2006 г. 	/politparty/finance/2005/otchet1-razpr.zip	/politparty/finance/2005/RazPredpr.doc
2005	35.	Политическая партия “Социал-демократическая партия России”	 03.05.2006 г. 	/politparty/finance/2005/otchet1-sdprus.zip	/politparty/finance/2005/Sosial-demokratich.doc
